"","datetime","receiver","detected","tag_range","tag_depth","case_number","sub_case_number","dm","cpdi_type","event"
"1",2016-07-12 18:58:44,"prediction",1,399,297,1,"a","direct only","Control","1a"
"3",2016-07-12 18:58:55,"prediction",1,989,297,1,"a","direct only","Control","1a"
"5",2016-07-12 18:59:05,"prediction",1,399,297,1,"a","direct only","Control","1a"
"7",2016-07-12 18:59:15,"prediction",1,989,297,1,"a","direct only","Control","1a"
"10",2016-07-12 18:59:25,"prediction",1,399,270,1,"a","direct only","Control","1a"
"11",2016-07-12 18:59:36,"prediction",1,989,270,1,"a","direct only","Control","1a"
"13",2016-07-12 18:59:46,"prediction",1,399,270,1,"a","direct only","Control","1a"
"15",2016-07-12 18:59:56,"prediction",1,989,270,1,"a","direct only","Control","1a"
"18",2016-07-12 19:00:07,"prediction",1,199,297,1,"a","direct only","Control","1a"
"19",2016-07-12 19:00:17,"prediction",1,766,297,1,"a","direct only","Control","1a"
"21",2016-07-12 19:00:27,"prediction",1,199,297,1,"a","direct only","Control","1a"
"23",2016-07-12 19:00:37,"prediction",1,766,297,1,"a","direct only","Control","1a"
"26",2016-07-12 19:00:48,"prediction",1,199,270,1,"a","direct only","Control","1a"
"27",2016-07-12 19:00:58,"prediction",1,766,270,1,"a","direct only","Control","1a"
"29",2016-07-12 19:01:08,"prediction",1,199,270,1,"a","direct only","Control","1a"
"31",2016-07-12 19:01:19,"prediction",1,766,270,1,"a","direct only","Control","1a"
"33",2016-07-12 19:01:29,"prediction",1,1,297,1,"a","direct only","Control","1a"
"36",2016-07-12 19:01:39,"prediction",1,578,297,1,"a","direct only","Control","1a"
"38",2016-07-12 19:01:50,"prediction",1,1,297,1,"a","direct only","Control","1a"
"39",2016-07-12 19:02:00,"prediction",1,578,297,1,"a","direct only","Control","1a"
"41",2016-07-12 19:02:10,"prediction",1,1,270,1,"a","direct only","Control","1a"
"44",2016-07-12 19:02:21,"prediction",1,578,270,1,"a","direct only","Control","1a"
"46",2016-07-12 19:02:31,"prediction",1,1,270,1,"a","direct only","Control","1a"
"47",2016-07-12 19:02:41,"prediction",1,578,270,1,"a","direct only","Control","1a"
"49",2016-07-12 19:10:05,"prediction",0,399,297,1,"a","multipath","multipath_cpdi_predicted","1a"
"52",2016-07-12 19:10:15,"prediction",0,989,297,1,"a","multipath","multipath_cpdi_predicted","1a"
"54",2016-07-12 19:10:26,"prediction",0,399,297,1,"a","multipath","multipath_cpdi_predicted","1a"
"55",2016-07-12 19:10:36,"prediction",0,989,297,1,"a","multipath","multipath_cpdi_predicted","1a"
"57",2016-07-12 19:10:47,"prediction",0,399,270,1,"a","multipath","multipath_cpdi_predicted","1a"
"59",2016-07-12 19:10:57,"prediction",0,989,270,1,"a","multipath","multipath_cpdi_predicted","1a"
"62",2016-07-12 19:11:07,"prediction",0,399,270,1,"a","multipath","multipath_cpdi_predicted","1a"
"64",2016-07-12 19:11:18,"prediction",0,989,270,1,"a","multipath","multipath_cpdi_predicted","1a"
"65",2016-07-12 19:11:28,"prediction",0,199,297,1,"a","multipath","multipath_cpdi_predicted","1a"
"67",2016-07-12 19:11:39,"prediction",0,766,297,1,"a","multipath","multipath_cpdi_predicted","1a"
"70",2016-07-12 19:11:49,"prediction",0,199,297,1,"a","multipath","multipath_cpdi_predicted","1a"
"72",2016-07-12 19:11:59,"prediction",0,766,297,1,"a","multipath","multipath_cpdi_predicted","1a"
"73",2016-07-12 19:12:10,"prediction",0,199,270,1,"a","multipath","multipath_cpdi_predicted","1a"
"75",2016-07-12 19:12:20,"prediction",0,766,270,1,"a","multipath","multipath_cpdi_predicted","1a"
"78",2016-07-12 19:12:31,"prediction",0,199,270,1,"a","multipath","multipath_cpdi_predicted","1a"
"80",2016-07-12 19:12:41,"prediction",0,766,270,1,"a","multipath","multipath_cpdi_predicted","1a"
"81",2016-07-12 19:12:52,"prediction",0,1,297,1,"a","multipath","multipath_cpdi_predicted","1a"
"83",2016-07-12 19:13:02,"prediction",0,578,297,1,"a","multipath","multipath_cpdi_predicted","1a"
"85",2016-07-12 19:13:12,"prediction",0,1,297,1,"a","multipath","multipath_cpdi_predicted","1a"
"87",2016-07-12 19:13:23,"prediction",0,578,297,1,"a","multipath","multipath_cpdi_predicted","1a"
"90",2016-07-12 19:13:33,"prediction",0,1,270,1,"a","multipath","multipath_cpdi_predicted","1a"
"91",2016-07-12 19:13:44,"prediction",0,578,270,1,"a","multipath","multipath_cpdi_predicted","1a"
"93",2016-07-12 19:13:54,"prediction",0,1,270,1,"a","multipath","multipath_cpdi_predicted","1a"
"95",2016-07-12 19:14:05,"prediction",0,578,270,1,"a","multipath","multipath_cpdi_predicted","1a"
"98",2016-07-12 19:24:53,"prediction",0,399,297,1,"b","multipath","multipath_cpdi_predicted","1b"
"99",2016-07-12 19:25:03,"prediction",0,989,297,1,"b","multipath","multipath_cpdi_predicted","1b"
"101",2016-07-12 19:25:14,"prediction",0,399,297,1,"b","multipath","multipath_cpdi_predicted","1b"
"103",2016-07-12 19:25:24,"prediction",0,989,297,1,"b","multipath","multipath_cpdi_predicted","1b"
"106",2016-07-12 19:25:34,"prediction",0,399,270,1,"b","multipath","multipath_cpdi_predicted","1b"
"107",2016-07-12 19:25:45,"prediction",0,989,270,1,"b","multipath","multipath_cpdi_predicted","1b"
"109",2016-07-12 19:25:55,"prediction",0,399,270,1,"b","multipath","multipath_cpdi_predicted","1b"
"111",2016-07-12 19:26:06,"prediction",0,989,270,1,"b","multipath","multipath_cpdi_predicted","1b"
"113",2016-07-12 19:26:16,"prediction",0,199,297,1,"b","multipath","multipath_cpdi_predicted","1b"
"116",2016-07-12 19:26:27,"prediction",0,766,297,1,"b","multipath","multipath_cpdi_predicted","1b"
"118",2016-07-12 19:26:37,"prediction",0,199,297,1,"b","multipath","multipath_cpdi_predicted","1b"
"119",2016-07-12 19:26:48,"prediction",0,766,297,1,"b","multipath","multipath_cpdi_predicted","1b"
"121",2016-07-12 19:26:58,"prediction",0,199,270,1,"b","multipath","multipath_cpdi_predicted","1b"
"124",2016-07-12 19:27:09,"prediction",0,766,270,1,"b","multipath","multipath_cpdi_predicted","1b"
"126",2016-07-12 19:27:19,"prediction",0,199,270,1,"b","multipath","multipath_cpdi_predicted","1b"
"127",2016-07-12 19:27:30,"prediction",0,766,270,1,"b","multipath","multipath_cpdi_predicted","1b"
"129",2016-07-12 19:27:40,"prediction",0,1,297,1,"b","multipath","multipath_cpdi_predicted","1b"
"132",2016-07-12 19:27:51,"prediction",0,578,297,1,"b","multipath","multipath_cpdi_predicted","1b"
"134",2016-07-12 19:28:01,"prediction",0,1,297,1,"b","multipath","multipath_cpdi_predicted","1b"
"135",2016-07-12 19:28:12,"prediction",0,578,297,1,"b","multipath","multipath_cpdi_predicted","1b"
"137",2016-07-12 19:28:22,"prediction",0,1,270,1,"b","multipath","multipath_cpdi_predicted","1b"
"139",2016-07-12 19:28:33,"prediction",0,578,270,1,"b","multipath","multipath_cpdi_predicted","1b"
"142",2016-07-12 19:28:43,"prediction",0,1,270,1,"b","multipath","multipath_cpdi_predicted","1b"
"144",2016-07-12 19:28:54,"prediction",0,578,270,1,"b","multipath","multipath_cpdi_predicted","1b"
"145",2016-07-12 19:37:02,"prediction",1,399,297,1,"b","direct only","Control","1b"
"147",2016-07-12 19:37:12,"prediction",1,989,297,1,"b","direct only","Control","1b"
"150",2016-07-12 19:37:22,"prediction",1,399,297,1,"b","direct only","Control","1b"
"152",2016-07-12 19:37:32,"prediction",1,989,297,1,"b","direct only","Control","1b"
"153",2016-07-12 19:37:42,"prediction",1,399,270,1,"b","direct only","Control","1b"
"155",2016-07-12 19:37:53,"prediction",1,989,270,1,"b","direct only","Control","1b"
"158",2016-07-12 19:38:03,"prediction",1,399,270,1,"b","direct only","Control","1b"
"160",2016-07-12 19:38:13,"prediction",1,989,270,1,"b","direct only","Control","1b"
"161",2016-07-12 19:38:23,"prediction",1,199,297,1,"b","direct only","Control","1b"
"163",2016-07-12 19:38:34,"prediction",1,766,297,1,"b","direct only","Control","1b"
"165",2016-07-12 19:38:44,"prediction",1,199,297,1,"b","direct only","Control","1b"
"167",2016-07-12 19:38:54,"prediction",1,766,297,1,"b","direct only","Control","1b"
"170",2016-07-12 19:39:04,"prediction",1,199,270,1,"b","direct only","Control","1b"
"171",2016-07-12 19:39:15,"prediction",1,766,270,1,"b","direct only","Control","1b"
"173",2016-07-12 19:39:25,"prediction",1,199,270,1,"b","direct only","Control","1b"
"175",2016-07-12 19:39:35,"prediction",1,766,270,1,"b","direct only","Control","1b"
"178",2016-07-12 19:39:45,"prediction",1,1,297,1,"b","direct only","Control","1b"
"179",2016-07-12 19:39:55,"prediction",1,578,297,1,"b","direct only","Control","1b"
"181",2016-07-12 19:40:06,"prediction",1,1,297,1,"b","direct only","Control","1b"
"183",2016-07-12 19:40:16,"prediction",1,578,297,1,"b","direct only","Control","1b"
"186",2016-07-12 19:40:26,"prediction",1,1,270,1,"b","direct only","Control","1b"
"187",2016-07-12 19:40:36,"prediction",1,578,270,1,"b","direct only","Control","1b"
"189",2016-07-12 19:40:47,"prediction",1,1,270,1,"b","direct only","Control","1b"
"191",2016-07-12 19:40:57,"prediction",1,578,270,1,"b","direct only","Control","1b"
"193",2016-07-12 19:43:05,"prediction",1,150,17.5,2,"a","multipath","multipath_no_cpdi_predicted","2a"
"196",2016-07-12 19:43:15,"prediction",1,1200,17.5,2,"a","multipath","multipath_no_cpdi_predicted","2a"
"198",2016-07-12 19:43:25,"prediction",1,150,17.5,2,"a","multipath","multipath_no_cpdi_predicted","2a"
"200",2016-07-12 19:43:36,"prediction",1,1200,17.5,2,"a","multipath","multipath_no_cpdi_predicted","2a"
"201",2016-07-12 19:43:46,"prediction",1,75,17.5,2,"a","multipath","multipath_no_cpdi_predicted","2a"
"204",2016-07-12 19:43:56,"prediction",1,600,17.5,2,"a","multipath","multipath_no_cpdi_predicted","2a"
"206",2016-07-12 19:44:06,"prediction",1,75,17.5,2,"a","multipath","multipath_no_cpdi_predicted","2a"
"208",2016-07-12 19:44:17,"prediction",1,600,17.5,2,"a","multipath","multipath_no_cpdi_predicted","2a"
"209",2016-07-12 19:44:27,"prediction",1,1,17.5,2,"a","multipath","multipath_no_cpdi_predicted","2a"
"212",2016-07-12 19:44:37,"prediction",1,300,17.5,2,"a","multipath","multipath_no_cpdi_predicted","2a"
"214",2016-07-12 19:44:48,"prediction",1,1,17.5,2,"a","multipath","multipath_no_cpdi_predicted","2a"
"216",2016-07-12 19:44:58,"prediction",1,300,17.5,2,"a","multipath","multipath_no_cpdi_predicted","2a"
"217",2016-07-12 19:46:28,"prediction",1,150,17.5,2,"a","direct only","Control","2a"
"219",2016-07-12 19:46:38,"prediction",1,1200,17.5,2,"a","direct only","Control","2a"
"222",2016-07-12 19:46:48,"prediction",1,150,17.5,2,"a","direct only","Control","2a"
"224",2016-07-12 19:46:59,"prediction",1,1200,17.5,2,"a","direct only","Control","2a"
"226",2016-07-12 19:47:09,"prediction",1,75,17.5,2,"a","direct only","Control","2a"
"227",2016-07-12 19:47:19,"prediction",1,600,17.5,2,"a","direct only","Control","2a"
"230",2016-07-12 19:47:30,"prediction",1,75,17.5,2,"a","direct only","Control","2a"
"232",2016-07-12 19:47:40,"prediction",1,600,17.5,2,"a","direct only","Control","2a"
"234",2016-07-12 19:47:50,"prediction",1,1,17.5,2,"a","direct only","Control","2a"
"235",2016-07-12 19:48:01,"prediction",1,300,17.5,2,"a","direct only","Control","2a"
"238",2016-07-12 19:48:11,"prediction",1,1,17.5,2,"a","direct only","Control","2a"
"240",2016-07-12 19:48:21,"prediction",1,300,17.5,2,"a","direct only","Control","2a"
"242",2016-07-12 19:50:36,"prediction",1,150,17.5,2,"b","multipath","multipath_no_cpdi_predicted","2b"
"243",2016-07-12 19:50:46,"prediction",1,1200,17.5,2,"b","multipath","multipath_no_cpdi_predicted","2b"
"245",2016-07-12 19:50:56,"prediction",1,150,17.5,2,"b","multipath","multipath_no_cpdi_predicted","2b"
"247",2016-07-12 19:51:07,"prediction",1,1200,17.5,2,"b","multipath","multipath_no_cpdi_predicted","2b"
"249",2016-07-12 19:51:17,"prediction",1,75,17.5,2,"b","multipath","multipath_no_cpdi_predicted","2b"
"252",2016-07-12 19:51:27,"prediction",1,600,17.5,2,"b","multipath","multipath_no_cpdi_predicted","2b"
"253",2016-07-12 19:51:38,"prediction",1,75,17.5,2,"b","multipath","multipath_no_cpdi_predicted","2b"
"255",2016-07-12 19:51:48,"prediction",1,600,17.5,2,"b","multipath","multipath_no_cpdi_predicted","2b"
"257",2016-07-12 19:51:58,"prediction",1,1,17.5,2,"b","multipath","multipath_no_cpdi_predicted","2b"
"260",2016-07-12 19:52:09,"prediction",1,300,17.5,2,"b","multipath","multipath_no_cpdi_predicted","2b"
"261",2016-07-12 19:52:19,"prediction",1,1,17.5,2,"b","multipath","multipath_no_cpdi_predicted","2b"
"263",2016-07-12 19:52:29,"prediction",1,300,17.5,2,"b","multipath","multipath_no_cpdi_predicted","2b"
"265",2016-07-12 19:54:04,"prediction",1,150,17.5,2,"b","direct only","Control","2b"
"268",2016-07-12 19:54:14,"prediction",1,1200,17.5,2,"b","direct only","Control","2b"
"269",2016-07-12 19:54:25,"prediction",1,150,17.5,2,"b","direct only","Control","2b"
"271",2016-07-12 19:54:35,"prediction",1,1200,17.5,2,"b","direct only","Control","2b"
"273",2016-07-12 19:54:45,"prediction",1,75,17.5,2,"b","direct only","Control","2b"
"275",2016-07-12 19:54:56,"prediction",1,600,17.5,2,"b","direct only","Control","2b"
"278",2016-07-12 19:55:06,"prediction",1,75,17.5,2,"b","direct only","Control","2b"
"280",2016-07-12 19:55:17,"prediction",1,600,17.5,2,"b","direct only","Control","2b"
"281",2016-07-12 19:55:27,"prediction",1,1,17.5,2,"b","direct only","Control","2b"
"283",2016-07-12 19:55:37,"prediction",1,300,17.5,2,"b","direct only","Control","2b"
"286",2016-07-12 19:55:48,"prediction",1,1,17.5,2,"b","direct only","Control","2b"
"288",2016-07-12 19:55:58,"prediction",1,300,17.5,2,"b","direct only","Control","2b"
"289",2016-07-12 19:57:27,"prediction",1,150,17.5,2,"c","multipath","multipath_no_cpdi_predicted","2c"
"291",2016-07-12 19:57:38,"prediction",1,1200,17.5,2,"c","multipath","multipath_no_cpdi_predicted","2c"
"294",2016-07-12 19:57:48,"prediction",1,150,17.5,2,"c","multipath","multipath_no_cpdi_predicted","2c"
"296",2016-07-12 19:57:58,"prediction",1,1200,17.5,2,"c","multipath","multipath_no_cpdi_predicted","2c"
"297",2016-07-12 19:58:09,"prediction",1,75,17.5,2,"c","multipath","multipath_no_cpdi_predicted","2c"
"299",2016-07-12 19:58:19,"prediction",1,600,17.5,2,"c","multipath","multipath_no_cpdi_predicted","2c"
"301",2016-07-12 19:58:30,"prediction",1,75,17.5,2,"c","multipath","multipath_no_cpdi_predicted","2c"
"304",2016-07-12 19:58:40,"prediction",1,600,17.5,2,"c","multipath","multipath_no_cpdi_predicted","2c"
"306",2016-07-12 19:58:50,"prediction",1,1,17.5,2,"c","multipath","multipath_no_cpdi_predicted","2c"
"307",2016-07-12 19:59:01,"prediction",1,300,17.5,2,"c","multipath","multipath_no_cpdi_predicted","2c"
"309",2016-07-12 19:59:11,"prediction",1,1,17.5,2,"c","multipath","multipath_no_cpdi_predicted","2c"
"312",2016-07-12 19:59:22,"prediction",1,300,17.5,2,"c","multipath","multipath_no_cpdi_predicted","2c"
"314",2016-07-12 20:01:09,"prediction",1,150,17.5,2,"c","direct only","Control","2c"
"315",2016-07-12 20:01:20,"prediction",1,1200,17.5,2,"c","direct only","Control","2c"
"317",2016-07-12 20:01:30,"prediction",1,150,17.5,2,"c","direct only","Control","2c"
"320",2016-07-12 20:01:40,"prediction",1,1200,17.5,2,"c","direct only","Control","2c"
"322",2016-07-12 20:01:51,"prediction",1,75,17.5,2,"c","direct only","Control","2c"
"323",2016-07-12 20:02:01,"prediction",1,600,17.5,2,"c","direct only","Control","2c"
"325",2016-07-12 20:02:12,"prediction",1,75,17.5,2,"c","direct only","Control","2c"
"327",2016-07-12 20:02:22,"prediction",1,600,17.5,2,"c","direct only","Control","2c"
"329",2016-07-12 20:02:33,"prediction",1,1,17.5,2,"c","direct only","Control","2c"
"332",2016-07-12 20:02:43,"prediction",1,300,17.5,2,"c","direct only","Control","2c"
"333",2016-07-12 20:02:53,"prediction",1,1,17.5,2,"c","direct only","Control","2c"
"335",2016-07-12 20:03:04,"prediction",1,300,17.5,2,"c","direct only","Control","2c"
"337",2016-07-12 20:12:46,"prediction",0,1,48,3,"a","multipath","multipath_cpdi_predicted","3a"
"340",2016-07-12 20:12:57,"prediction",0,1,48,3,"a","multipath","multipath_cpdi_predicted","3a"
"341",2016-07-12 20:14:18,"prediction",0,1,48,3,"a","direct only","Control","3a"
"343",2016-07-12 20:14:29,"prediction",0,1,48,3,"a","direct only","Control","3a"
"345",2016-07-12 20:18:10,"prediction",0,1,210,3,"b","multipath","multipath_cpdi_predicted","3b"
"348",2016-07-12 20:18:21,"prediction",0,1,210,3,"b","multipath","multipath_cpdi_predicted","3b"
"349",2016-07-12 20:20:04,"prediction",1,1,210,3,"b","direct only","Control","3b"
"351",2016-07-12 20:20:14,"prediction",1,1,210,3,"b","direct only","Control","3b"
"353",2016-07-12 20:22:14,"prediction",0,60,298,4,"a","multipath","multipath_cpdi_predicted","4a"
"355",2016-07-12 20:22:24,"prediction",0,508,298,4,"a","multipath","multipath_cpdi_predicted","4a"
"358",2016-07-12 20:22:35,"prediction",0,60,298,4,"a","multipath","multipath_cpdi_predicted","4a"
"360",2016-07-12 20:22:45,"prediction",0,508,298,4,"a","multipath","multipath_cpdi_predicted","4a"
"361",2016-07-12 20:24:27,"prediction",1,60,298,4,"a","direct only","Control","4a"
"363",2016-07-12 20:24:37,"prediction",1,508,298,4,"a","direct only","Control","4a"
"366",2016-07-12 20:24:48,"prediction",1,60,298,4,"a","direct only","Control","4a"
"368",2016-07-12 20:24:58,"prediction",1,508,298,4,"a","direct only","Control","4a"
"369",2016-07-12 20:27:09,"prediction",0,199,297,1,"a","multipath","multipath_cpdi_predicted","1a"
"371",2016-07-12 20:27:19,"prediction",0,578,297,1,"a","multipath","multipath_cpdi_predicted","1a"
"374",2016-07-12 20:27:29,"prediction",0,989,297,1,"a","multipath","multipath_cpdi_predicted","1a"
"376",2016-07-12 20:27:40,"prediction",0,199,297,1,"a","multipath","multipath_cpdi_predicted","1a"
"377",2016-07-12 20:27:50,"prediction",0,578,297,1,"a","multipath","multipath_cpdi_predicted","1a"
"379",2016-07-12 20:28:00,"prediction",0,989,297,1,"a","multipath","multipath_cpdi_predicted","1a"
"381",2016-07-12 20:28:11,"prediction",0,199,297,1,"a","multipath","multipath_cpdi_predicted","1a"
"384",2016-07-12 20:28:21,"prediction",0,578,297,1,"a","multipath","multipath_cpdi_predicted","1a"
"386",2016-07-12 20:28:31,"prediction",0,989,297,1,"a","multipath","multipath_cpdi_predicted","1a"
"387",2016-07-12 20:28:42,"prediction",0,199,270,1,"a","multipath","multipath_cpdi_predicted","1a"
"389",2016-07-12 20:28:52,"prediction",0,578,270,1,"a","multipath","multipath_cpdi_predicted","1a"
"392",2016-07-12 20:29:02,"prediction",0,989,270,1,"a","multipath","multipath_cpdi_predicted","1a"
"394",2016-07-12 20:29:13,"prediction",0,199,270,1,"a","multipath","multipath_cpdi_predicted","1a"
"395",2016-07-12 20:29:23,"prediction",0,578,270,1,"a","multipath","multipath_cpdi_predicted","1a"
"397",2016-07-12 20:29:33,"prediction",0,989,270,1,"a","multipath","multipath_cpdi_predicted","1a"
"400",2016-07-12 20:29:44,"prediction",0,199,270,1,"a","multipath","multipath_cpdi_predicted","1a"
"402",2016-07-12 20:29:54,"prediction",0,578,270,1,"a","multipath","multipath_cpdi_predicted","1a"
"403",2016-07-12 20:30:04,"prediction",0,989,270,1,"a","multipath","multipath_cpdi_predicted","1a"
"405",2016-07-12 20:30:15,"prediction",0,1,297,1,"a","multipath","multipath_cpdi_predicted","1a"
"407",2016-07-12 20:30:25,"prediction",0,399,297,1,"a","multipath","multipath_cpdi_predicted","1a"
"409",2016-07-12 20:30:35,"prediction",0,766,297,1,"a","multipath","multipath_cpdi_predicted","1a"
"412",2016-07-12 20:30:46,"prediction",0,1,297,1,"a","multipath","multipath_cpdi_predicted","1a"
"413",2016-07-12 20:30:56,"prediction",0,399,297,1,"a","multipath","multipath_cpdi_predicted","1a"
"415",2016-07-12 20:31:07,"prediction",0,766,297,1,"a","multipath","multipath_cpdi_predicted","1a"
"417",2016-07-12 20:31:17,"prediction",0,1,297,1,"a","multipath","multipath_cpdi_predicted","1a"
"420",2016-07-12 20:31:27,"prediction",0,399,297,1,"a","multipath","multipath_cpdi_predicted","1a"
"421",2016-07-12 20:31:38,"prediction",0,766,297,1,"a","multipath","multipath_cpdi_predicted","1a"
"423",2016-07-12 20:31:48,"prediction",0,1,270,1,"a","multipath","multipath_cpdi_predicted","1a"
"425",2016-07-12 20:31:58,"prediction",0,399,270,1,"a","multipath","multipath_cpdi_predicted","1a"
"428",2016-07-12 20:32:09,"prediction",0,766,270,1,"a","multipath","multipath_cpdi_predicted","1a"
"429",2016-07-12 20:32:19,"prediction",0,1,270,1,"a","multipath","multipath_cpdi_predicted","1a"
"431",2016-07-12 20:32:29,"prediction",0,399,270,1,"a","multipath","multipath_cpdi_predicted","1a"
"433",2016-07-12 20:32:40,"prediction",0,766,270,1,"a","multipath","multipath_cpdi_predicted","1a"
"435",2016-07-12 20:32:50,"prediction",0,1,270,1,"a","multipath","multipath_cpdi_predicted","1a"
"438",2016-07-12 20:33:01,"prediction",0,399,270,1,"a","multipath","multipath_cpdi_predicted","1a"
"440",2016-07-12 20:33:11,"prediction",0,766,270,1,"a","multipath","multipath_cpdi_predicted","1a"
"442",2016-07-12 20:35:31,"prediction",1,199,297,1,"a","direct only","Control","1a"
"443",2016-07-12 20:35:42,"prediction",1,578,297,1,"a","direct only","Control","1a"
"446",2016-07-12 20:35:52,"prediction",1,989,297,1,"a","direct only","Control","1a"
"448",2016-07-12 20:36:02,"prediction",1,199,297,1,"a","direct only","Control","1a"
"450",2016-07-12 20:36:13,"prediction",1,578,297,1,"a","direct only","Control","1a"
"451",2016-07-12 20:36:23,"prediction",1,989,297,1,"a","direct only","Control","1a"
"454",2016-07-12 20:36:33,"prediction",1,199,297,1,"a","direct only","Control","1a"
"456",2016-07-12 20:36:44,"prediction",1,578,297,1,"a","direct only","Control","1a"
"458",2016-07-12 20:36:54,"prediction",1,989,297,1,"a","direct only","Control","1a"
"459",2016-07-12 20:37:04,"prediction",1,199,270,1,"a","direct only","Control","1a"
"461",2016-07-12 20:37:15,"prediction",1,578,270,1,"a","direct only","Control","1a"
"464",2016-07-12 20:37:25,"prediction",1,989,270,1,"a","direct only","Control","1a"
"466",2016-07-12 20:37:35,"prediction",1,199,270,1,"a","direct only","Control","1a"
"468",2016-07-12 20:37:46,"prediction",1,578,270,1,"a","direct only","Control","1a"
"469",2016-07-12 20:37:56,"prediction",1,989,270,1,"a","direct only","Control","1a"
"472",2016-07-12 20:38:07,"prediction",1,199,270,1,"a","direct only","Control","1a"
"474",2016-07-12 20:38:17,"prediction",1,578,270,1,"a","direct only","Control","1a"
"476",2016-07-12 20:38:27,"prediction",1,989,270,1,"a","direct only","Control","1a"
"477",2016-07-12 20:38:38,"prediction",1,1,297,1,"a","direct only","Control","1a"
"480",2016-07-12 20:38:48,"prediction",1,399,297,1,"a","direct only","Control","1a"
"482",2016-07-12 20:38:58,"prediction",1,766,297,1,"a","direct only","Control","1a"
"484",2016-07-12 20:39:09,"prediction",1,1,297,1,"a","direct only","Control","1a"
"485",2016-07-12 20:39:19,"prediction",1,399,297,1,"a","direct only","Control","1a"
"487",2016-07-12 20:39:29,"prediction",1,766,297,1,"a","direct only","Control","1a"
"489",2016-07-12 20:39:40,"prediction",1,1,297,1,"a","direct only","Control","1a"
"491",2016-07-12 20:39:50,"prediction",1,399,297,1,"a","direct only","Control","1a"
"494",2016-07-12 20:40:01,"prediction",1,766,297,1,"a","direct only","Control","1a"
"495",2016-07-12 20:40:11,"prediction",1,1,270,1,"a","direct only","Control","1a"
"497",2016-07-12 20:40:21,"prediction",1,399,270,1,"a","direct only","Control","1a"
"499",2016-07-12 20:40:32,"prediction",1,766,270,1,"a","direct only","Control","1a"
"502",2016-07-12 20:40:42,"prediction",1,1,270,1,"a","direct only","Control","1a"
"503",2016-07-12 20:40:52,"prediction",0,399,270,1,"a","direct only","Control","1a"
"505",2016-07-12 20:41:03,"prediction",1,766,270,1,"a","direct only","Control","1a"
"507",2016-07-12 20:41:13,"prediction",1,1,270,1,"a","direct only","Control","1a"
"510",2016-07-12 20:41:24,"prediction",1,399,270,1,"a","direct only","Control","1a"
"511",2016-07-12 20:41:34,"prediction",1,766,270,1,"a","direct only","Control","1a"
"513",2016-07-12 20:47:34,"prediction",0,199,297,1,"b","multipath","multipath_cpdi_predicted","1b"
"515",2016-07-12 20:47:45,"prediction",0,578,297,1,"b","multipath","multipath_cpdi_predicted","1b"
"517",2016-07-12 20:47:55,"prediction",0,989,297,1,"b","multipath","multipath_cpdi_predicted","1b"
"520",2016-07-12 20:48:05,"prediction",0,199,297,1,"b","multipath","multipath_cpdi_predicted","1b"
"522",2016-07-12 20:48:16,"prediction",0,578,297,1,"b","multipath","multipath_cpdi_predicted","1b"
"523",2016-07-12 20:48:26,"prediction",0,989,297,1,"b","multipath","multipath_cpdi_predicted","1b"
"525",2016-07-12 20:48:36,"prediction",0,199,297,1,"b","multipath","multipath_cpdi_predicted","1b"
"528",2016-07-12 20:48:46,"prediction",0,578,297,1,"b","multipath","multipath_cpdi_predicted","1b"
"530",2016-07-12 20:48:57,"prediction",0,989,297,1,"b","multipath","multipath_cpdi_predicted","1b"
"531",2016-07-12 20:49:07,"prediction",0,199,270,1,"b","multipath","multipath_cpdi_predicted","1b"
"533",2016-07-12 20:49:18,"prediction",0,578,270,1,"b","multipath","multipath_cpdi_predicted","1b"
"536",2016-07-12 20:49:28,"prediction",0,989,270,1,"b","multipath","multipath_cpdi_predicted","1b"
"538",2016-07-12 20:49:38,"prediction",0,199,270,1,"b","multipath","multipath_cpdi_predicted","1b"
"539",2016-07-12 20:49:48,"prediction",0,578,270,1,"b","multipath","multipath_cpdi_predicted","1b"
"541",2016-07-12 20:49:59,"prediction",0,989,270,1,"b","multipath","multipath_cpdi_predicted","1b"
"543",2016-07-12 20:50:09,"prediction",0,199,270,1,"b","multipath","multipath_cpdi_predicted","1b"
"546",2016-07-12 20:50:19,"prediction",0,578,270,1,"b","multipath","multipath_cpdi_predicted","1b"
"548",2016-07-12 20:50:30,"prediction",0,989,270,1,"b","multipath","multipath_cpdi_predicted","1b"
"549",2016-07-12 20:50:40,"prediction",0,1,297,1,"b","multipath","multipath_cpdi_predicted","1b"
"551",2016-07-12 20:50:50,"prediction",0,399,297,1,"b","multipath","multipath_cpdi_predicted","1b"
"554",2016-07-12 20:51:01,"prediction",0,766,297,1,"b","multipath","multipath_cpdi_predicted","1b"
"556",2016-07-12 20:51:11,"prediction",0,1,297,1,"b","multipath","multipath_cpdi_predicted","1b"
"557",2016-07-12 20:51:21,"prediction",0,399,297,1,"b","multipath","multipath_cpdi_predicted","1b"
"559",2016-07-12 20:51:32,"prediction",0,766,297,1,"b","multipath","multipath_cpdi_predicted","1b"
"562",2016-07-12 20:51:42,"prediction",0,1,297,1,"b","multipath","multipath_cpdi_predicted","1b"
"564",2016-07-12 20:51:52,"prediction",0,399,297,1,"b","multipath","multipath_cpdi_predicted","1b"
"565",2016-07-12 20:52:02,"prediction",0,766,297,1,"b","multipath","multipath_cpdi_predicted","1b"
"567",2016-07-12 20:52:13,"prediction",0,1,270,1,"b","multipath","multipath_cpdi_predicted","1b"
"569",2016-07-12 20:52:23,"prediction",0,399,270,1,"b","multipath","multipath_cpdi_predicted","1b"
"571",2016-07-12 20:52:33,"prediction",0,766,270,1,"b","multipath","multipath_cpdi_predicted","1b"
"574",2016-07-12 20:52:44,"prediction",0,1,270,1,"b","multipath","multipath_cpdi_predicted","1b"
"575",2016-07-12 20:52:54,"prediction",0,399,270,1,"b","multipath","multipath_cpdi_predicted","1b"
"577",2016-07-12 20:53:04,"prediction",0,766,270,1,"b","multipath","multipath_cpdi_predicted","1b"
"579",2016-07-12 20:53:15,"prediction",0,1,270,1,"b","multipath","multipath_cpdi_predicted","1b"
"582",2016-07-12 20:53:25,"prediction",0,399,270,1,"b","multipath","multipath_cpdi_predicted","1b"
"583",2016-07-12 20:53:36,"prediction",0,766,270,1,"b","multipath","multipath_cpdi_predicted","1b"
"585",2016-07-12 20:55:08,"prediction",1,199,297,1,"b","direct only","Control","1b"
"587",2016-07-12 20:55:18,"prediction",1,578,297,1,"b","direct only","Control","1b"
"590",2016-07-12 20:55:28,"prediction",1,989,297,1,"b","direct only","Control","1b"
"591",2016-07-12 20:55:39,"prediction",1,199,297,1,"b","direct only","Control","1b"
"593",2016-07-12 20:55:49,"prediction",1,578,297,1,"b","direct only","Control","1b"
"595",2016-07-12 20:55:59,"prediction",1,989,297,1,"b","direct only","Control","1b"
"597",2016-07-12 20:56:10,"prediction",1,199,297,1,"b","direct only","Control","1b"
"600",2016-07-12 20:56:20,"prediction",1,578,297,1,"b","direct only","Control","1b"
"602",2016-07-12 20:56:30,"prediction",1,989,297,1,"b","direct only","Control","1b"
"603",2016-07-12 20:56:41,"prediction",1,199,270,1,"b","direct only","Control","1b"
"605",2016-07-12 20:56:51,"prediction",1,578,270,1,"b","direct only","Control","1b"
"608",2016-07-12 20:57:01,"prediction",1,989,270,1,"b","direct only","Control","1b"
"610",2016-07-12 20:57:11,"prediction",1,199,270,1,"b","direct only","Control","1b"
"611",2016-07-12 20:57:22,"prediction",1,578,270,1,"b","direct only","Control","1b"
"613",2016-07-12 20:57:32,"prediction",1,989,270,1,"b","direct only","Control","1b"
"616",2016-07-12 20:57:42,"prediction",1,199,270,1,"b","direct only","Control","1b"
"618",2016-07-12 20:57:53,"prediction",1,578,270,1,"b","direct only","Control","1b"
"619",2016-07-12 20:58:03,"prediction",1,989,270,1,"b","direct only","Control","1b"
"621",2016-07-12 20:58:13,"prediction",1,1,297,1,"b","direct only","Control","1b"
"623",2016-07-12 20:58:24,"prediction",1,399,297,1,"b","direct only","Control","1b"
"626",2016-07-12 20:58:34,"prediction",1,766,297,1,"b","direct only","Control","1b"
"628",2016-07-12 20:58:44,"prediction",1,1,297,1,"b","direct only","Control","1b"
"629",2016-07-12 20:58:55,"prediction",1,399,297,1,"b","direct only","Control","1b"
"631",2016-07-12 20:59:05,"prediction",1,766,297,1,"b","direct only","Control","1b"
"634",2016-07-12 20:59:15,"prediction",1,1,297,1,"b","direct only","Control","1b"
"636",2016-07-12 20:59:26,"prediction",1,399,297,1,"b","direct only","Control","1b"
"637",2016-07-12 20:59:36,"prediction",1,766,297,1,"b","direct only","Control","1b"
"639",2016-07-12 20:59:46,"prediction",1,1,270,1,"b","direct only","Control","1b"
"642",2016-07-12 20:59:57,"prediction",1,399,270,1,"b","direct only","Control","1b"
"644",2016-07-12 21:00:07,"prediction",1,766,270,1,"b","direct only","Control","1b"
"645",2016-07-12 21:00:17,"prediction",1,1,270,1,"b","direct only","Control","1b"
"647",2016-07-12 21:00:28,"prediction",1,399,270,1,"b","direct only","Control","1b"
"649",2016-07-12 21:00:38,"prediction",1,766,270,1,"b","direct only","Control","1b"
"651",2016-07-12 21:00:48,"prediction",1,1,270,1,"b","direct only","Control","1b"
"654",2016-07-12 21:00:59,"prediction",0,399,270,1,"b","direct only","Control","1b"
"655",2016-07-12 21:01:09,"prediction",1,766,270,1,"b","direct only","Control","1b"
"657",2016-07-12 21:03:33,"prediction",1,75,17.5,2,"a","multipath","multipath_no_cpdi_predicted","2a"
"659",2016-07-12 21:03:43,"prediction",1,300,17.5,2,"a","multipath","multipath_no_cpdi_predicted","2a"
"662",2016-07-12 21:03:54,"prediction",1,1200,17.5,2,"a","multipath","multipath_no_cpdi_predicted","2a"
"663",2016-07-12 21:04:04,"prediction",1,75,17.5,2,"a","multipath","multipath_no_cpdi_predicted","2a"
"665",2016-07-12 21:04:14,"prediction",1,300,17.5,2,"a","multipath","multipath_no_cpdi_predicted","2a"
"667",2016-07-12 21:04:25,"prediction",1,1200,17.5,2,"a","multipath","multipath_no_cpdi_predicted","2a"
"670",2016-07-12 21:04:35,"prediction",1,75,17.5,2,"a","multipath","multipath_no_cpdi_predicted","2a"
"671",2016-07-12 21:04:46,"prediction",1,300,17.5,2,"a","multipath","multipath_no_cpdi_predicted","2a"
"673",2016-07-12 21:04:56,"prediction",1,1200,17.5,2,"a","multipath","multipath_no_cpdi_predicted","2a"
"675",2016-07-12 21:05:06,"prediction",1,1,17.5,2,"a","multipath","multipath_no_cpdi_predicted","2a"
"677",2016-07-12 21:05:17,"prediction",1,150,17.5,2,"a","multipath","multipath_no_cpdi_predicted","2a"
"680",2016-07-12 21:05:27,"prediction",1,600,17.5,2,"a","multipath","multipath_no_cpdi_predicted","2a"
"682",2016-07-12 21:05:38,"prediction",1,1,17.5,2,"a","multipath","multipath_no_cpdi_predicted","2a"
"684",2016-07-12 21:05:48,"prediction",1,150,17.5,2,"a","multipath","multipath_no_cpdi_predicted","2a"
"685",2016-07-12 21:05:58,"prediction",1,600,17.5,2,"a","multipath","multipath_no_cpdi_predicted","2a"
"688",2016-07-12 21:06:09,"prediction",1,1,17.5,2,"a","multipath","multipath_no_cpdi_predicted","2a"
"690",2016-07-12 21:06:19,"prediction",1,150,17.5,2,"a","multipath","multipath_no_cpdi_predicted","2a"
"692",2016-07-12 21:06:30,"prediction",1,600,17.5,2,"a","multipath","multipath_no_cpdi_predicted","2a"
"693",2016-07-12 21:08:08,"prediction",1,75,17.5,2,"a","direct only","Control","2a"
"696",2016-07-12 21:08:18,"prediction",1,300,17.5,2,"a","direct only","Control","2a"
"698",2016-07-12 21:08:28,"prediction",1,1200,17.5,2,"a","direct only","Control","2a"
"700",2016-07-12 21:08:39,"prediction",1,75,17.5,2,"a","direct only","Control","2a"
"701",2016-07-12 21:08:49,"prediction",1,300,17.5,2,"a","direct only","Control","2a"
"703",2016-07-12 21:09:00,"prediction",1,1200,17.5,2,"a","direct only","Control","2a"
"706",2016-07-12 21:09:10,"prediction",1,75,17.5,2,"a","direct only","Control","2a"
"708",2016-07-12 21:09:21,"prediction",1,300,17.5,2,"a","direct only","Control","2a"
"710",2016-07-12 21:09:31,"prediction",1,1200,17.5,2,"a","direct only","Control","2a"
"711",2016-07-12 21:09:41,"prediction",1,1,17.5,2,"a","direct only","Control","2a"
"714",2016-07-12 21:09:52,"prediction",1,150,17.5,2,"a","direct only","Control","2a"
"716",2016-07-12 21:10:02,"prediction",1,600,17.5,2,"a","direct only","Control","2a"
"718",2016-07-12 21:10:13,"prediction",1,1,17.5,2,"a","direct only","Control","2a"
"719",2016-07-12 21:10:23,"prediction",1,150,17.5,2,"a","direct only","Control","2a"
"722",2016-07-12 21:10:34,"prediction",1,600,17.5,2,"a","direct only","Control","2a"
"724",2016-07-12 21:10:44,"prediction",0,1,17.5,2,"a","direct only","Control","2a"
"726",2016-07-12 21:10:54,"prediction",0,150,17.5,2,"a","direct only","Control","2a"
"727",2016-07-12 21:11:05,"prediction",0,600,17.5,2,"a","direct only","Control","2a"
"729",2016-07-12 21:15:30,"prediction",1,75,17.5,2,"b","multipath","multipath_no_cpdi_predicted","2b"
"731",2016-07-12 21:15:40,"prediction",1,300,17.5,2,"b","multipath","multipath_no_cpdi_predicted","2b"
"733",2016-07-12 21:15:50,"prediction",1,1200,17.5,2,"b","multipath","multipath_no_cpdi_predicted","2b"
"736",2016-07-12 21:16:01,"prediction",1,75,17.5,2,"b","multipath","multipath_no_cpdi_predicted","2b"
"737",2016-07-12 21:16:11,"prediction",1,300,17.5,2,"b","multipath","multipath_no_cpdi_predicted","2b"
"739",2016-07-12 21:16:21,"prediction",1,1200,17.5,2,"b","multipath","multipath_no_cpdi_predicted","2b"
"741",2016-07-12 21:16:31,"prediction",1,75,17.5,2,"b","multipath","multipath_no_cpdi_predicted","2b"
"744",2016-07-12 21:16:42,"prediction",1,300,17.5,2,"b","multipath","multipath_no_cpdi_predicted","2b"
"745",2016-07-12 21:16:52,"prediction",1,1200,17.5,2,"b","multipath","multipath_no_cpdi_predicted","2b"
"747",2016-07-12 21:17:02,"prediction",1,1,17.5,2,"b","multipath","multipath_no_cpdi_predicted","2b"
"749",2016-07-12 21:17:12,"prediction",1,150,17.5,2,"b","multipath","multipath_no_cpdi_predicted","2b"
"752",2016-07-12 21:17:22,"prediction",1,600,17.5,2,"b","multipath","multipath_no_cpdi_predicted","2b"
"753",2016-07-12 21:17:33,"prediction",1,1,17.5,2,"b","multipath","multipath_no_cpdi_predicted","2b"
"755",2016-07-12 21:17:43,"prediction",1,150,17.5,2,"b","multipath","multipath_no_cpdi_predicted","2b"
"757",2016-07-12 21:17:53,"prediction",1,600,17.5,2,"b","multipath","multipath_no_cpdi_predicted","2b"
"759",2016-07-12 21:18:03,"prediction",1,1,17.5,2,"b","multipath","multipath_no_cpdi_predicted","2b"
"762",2016-07-12 21:18:14,"prediction",1,150,17.5,2,"b","multipath","multipath_no_cpdi_predicted","2b"
"764",2016-07-12 21:18:24,"prediction",1,600,17.5,2,"b","multipath","multipath_no_cpdi_predicted","2b"
"765",2016-07-12 21:20:00,"prediction",1,75,17.5,2,"b","direct only","Control","2b"
"767",2016-07-12 21:20:10,"prediction",1,300,17.5,2,"b","direct only","Control","2b"
"770",2016-07-12 21:20:20,"prediction",1,1200,17.5,2,"b","direct only","Control","2b"
"772",2016-07-12 21:20:30,"prediction",1,75,17.5,2,"b","direct only","Control","2b"
"773",2016-07-12 21:20:41,"prediction",1,300,17.5,2,"b","direct only","Control","2b"
"775",2016-07-12 21:20:51,"prediction",1,1200,17.5,2,"b","direct only","Control","2b"
"778",2016-07-12 21:21:01,"prediction",1,75,17.5,2,"b","direct only","Control","2b"
"780",2016-07-12 21:21:12,"prediction",1,300,17.5,2,"b","direct only","Control","2b"
"781",2016-07-12 21:21:22,"prediction",1,1200,17.5,2,"b","direct only","Control","2b"
"783",2016-07-12 21:21:32,"prediction",1,1,17.5,2,"b","direct only","Control","2b"
"785",2016-07-12 21:21:42,"prediction",1,150,17.5,2,"b","direct only","Control","2b"
"788",2016-07-12 21:21:53,"prediction",1,600,17.5,2,"b","direct only","Control","2b"
"790",2016-07-12 21:22:03,"prediction",1,1,17.5,2,"b","direct only","Control","2b"
"791",2016-07-12 21:22:13,"prediction",1,150,17.5,2,"b","direct only","Control","2b"
"793",2016-07-12 21:22:23,"prediction",1,600,17.5,2,"b","direct only","Control","2b"
"796",2016-07-12 21:22:34,"prediction",1,1,17.5,2,"b","direct only","Control","2b"
"798",2016-07-12 21:22:44,"prediction",1,150,17.5,2,"b","direct only","Control","2b"
"799",2016-07-12 21:22:54,"prediction",1,600,17.5,2,"b","direct only","Control","2b"
"801",2016-07-12 21:24:42,"prediction",1,75,17.5,2,"c","multipath","multipath_no_cpdi_predicted","2c"
"804",2016-07-12 21:24:52,"prediction",1,300,17.5,2,"c","multipath","multipath_no_cpdi_predicted","2c"
"806",2016-07-12 21:25:03,"prediction",1,1200,17.5,2,"c","multipath","multipath_no_cpdi_predicted","2c"
"807",2016-07-12 21:25:13,"prediction",1,75,17.5,2,"c","multipath","multipath_no_cpdi_predicted","2c"
"809",2016-07-12 21:25:23,"prediction",1,300,17.5,2,"c","multipath","multipath_no_cpdi_predicted","2c"
"811",2016-07-12 21:25:34,"prediction",1,1200,17.5,2,"c","multipath","multipath_no_cpdi_predicted","2c"
"813",2016-07-12 21:25:44,"prediction",1,75,17.5,2,"c","multipath","multipath_no_cpdi_predicted","2c"
"816",2016-07-12 21:25:54,"prediction",1,300,17.5,2,"c","multipath","multipath_no_cpdi_predicted","2c"
"817",2016-07-12 21:26:05,"prediction",1,1200,17.5,2,"c","multipath","multipath_no_cpdi_predicted","2c"
"819",2016-07-12 21:26:15,"prediction",1,1,17.5,2,"c","multipath","multipath_no_cpdi_predicted","2c"
"821",2016-07-12 21:26:25,"prediction",1,150,17.5,2,"c","multipath","multipath_no_cpdi_predicted","2c"
"824",2016-07-12 21:26:36,"prediction",1,600,17.5,2,"c","multipath","multipath_no_cpdi_predicted","2c"
"825",2016-07-12 21:26:46,"prediction",1,1,17.5,2,"c","multipath","multipath_no_cpdi_predicted","2c"
"827",2016-07-12 21:26:56,"prediction",1,150,17.5,2,"c","multipath","multipath_no_cpdi_predicted","2c"
"829",2016-07-12 21:27:07,"prediction",1,600,17.5,2,"c","multipath","multipath_no_cpdi_predicted","2c"
"832",2016-07-12 21:27:17,"prediction",1,1,17.5,2,"c","multipath","multipath_no_cpdi_predicted","2c"
"833",2016-07-12 21:27:27,"prediction",1,150,17.5,2,"c","multipath","multipath_no_cpdi_predicted","2c"
"835",2016-07-12 21:27:38,"prediction",1,600,17.5,2,"c","multipath","multipath_no_cpdi_predicted","2c"
"837",2016-07-12 21:29:12,"prediction",1,75,17.5,2,"c","direct only","Control","2c"
"839",2016-07-12 21:29:22,"prediction",1,300,17.5,2,"c","direct only","Control","2c"
"842",2016-07-12 21:29:33,"prediction",1,1200,17.5,2,"c","direct only","Control","2c"
"844",2016-07-12 21:29:43,"prediction",1,75,17.5,2,"c","direct only","Control","2c"
"845",2016-07-12 21:29:53,"prediction",1,300,17.5,2,"c","direct only","Control","2c"
"847",2016-07-12 21:30:04,"prediction",1,1200,17.5,2,"c","direct only","Control","2c"
"850",2016-07-12 21:30:14,"prediction",1,75,17.5,2,"c","direct only","Control","2c"
"852",2016-07-12 21:30:24,"prediction",1,300,17.5,2,"c","direct only","Control","2c"
"853",2016-07-12 21:30:35,"prediction",1,1200,17.5,2,"c","direct only","Control","2c"
"855",2016-07-12 21:30:45,"prediction",1,1,17.5,2,"c","direct only","Control","2c"
"858",2016-07-12 21:30:56,"prediction",1,150,17.5,2,"c","direct only","Control","2c"
"860",2016-07-12 21:31:06,"prediction",1,600,17.5,2,"c","direct only","Control","2c"
"861",2016-07-12 21:31:16,"prediction",1,1,17.5,2,"c","direct only","Control","2c"
"863",2016-07-12 21:31:27,"prediction",1,150,17.5,2,"c","direct only","Control","2c"
"865",2016-07-12 21:31:37,"prediction",1,600,17.5,2,"c","direct only","Control","2c"
"868",2016-07-12 21:31:47,"prediction",1,1,17.5,2,"c","direct only","Control","2c"
"870",2016-07-12 21:31:58,"prediction",0,150,17.5,2,"c","direct only","Control","2c"
"871",2016-07-12 21:32:08,"prediction",1,600,17.5,2,"c","direct only","Control","2c"
"873",2016-07-12 21:33:30,"prediction",0,1,48,3,"a","multipath","multipath_cpdi_predicted","3a"
"876",2016-07-12 21:33:41,"prediction",0,1,48,3,"a","multipath","multipath_cpdi_predicted","3a"
"878",2016-07-12 21:33:51,"prediction",0,1,48,3,"a","multipath","multipath_cpdi_predicted","3a"
"879",2016-07-12 21:35:13,"prediction",0,1,48,3,"a","direct only","Control","3a"
"881",2016-07-12 21:35:24,"prediction",0,1,48,3,"a","direct only","Control","3a"
"884",2016-07-12 21:35:34,"prediction",0,1,48,3,"a","direct only","Control","3a"
"886",2016-07-12 21:37:11,"prediction",0,1,210,3,"b","multipath","multipath_cpdi_predicted","3b"
"887",2016-07-12 21:37:21,"prediction",0,1,210,3,"b","multipath","multipath_cpdi_predicted","3b"
"889",2016-07-12 21:37:32,"prediction",0,1,210,3,"b","multipath","multipath_cpdi_predicted","3b"
"891",2016-07-12 21:39:15,"prediction",0,1,210,3,"b","direct only","Control","3b"
"893",2016-07-12 21:39:25,"prediction",0,1,210,3,"b","direct only","Control","3b"
"896",2016-07-12 21:39:36,"prediction",0,1,210,3,"b","direct only","Control","3b"
"897",2016-07-12 21:41:14,"prediction",0,60,298,4,"a","multipath","multipath_cpdi_predicted","4a"
"899",2016-07-12 21:41:24,"prediction",0,508,298,4,"a","multipath","multipath_cpdi_predicted","4a"
"901",2016-07-12 21:41:35,"prediction",0,508,298,4,"a","multipath","multipath_cpdi_predicted","4a"
"904",2016-07-12 21:41:45,"prediction",0,60,298,4,"a","multipath","multipath_cpdi_predicted","4a"
"905",2016-07-12 21:41:56,"prediction",0,60,298,4,"a","multipath","multipath_cpdi_predicted","4a"
"907",2016-07-12 21:42:06,"prediction",0,508,298,4,"a","multipath","multipath_cpdi_predicted","4a"
"909",2016-07-12 21:43:20,"prediction",1,60,298,4,"a","direct only","Control","4a"
"912",2016-07-12 21:43:30,"prediction",1,508,298,4,"a","direct only","Control","4a"
"913",2016-07-12 21:43:41,"prediction",1,508,298,4,"a","direct only","Control","4a"
"915",2016-07-12 21:43:51,"prediction",1,60,298,4,"a","direct only","Control","4a"
"917",2016-07-12 21:44:02,"prediction",1,60,298,4,"a","direct only","Control","4a"
"919",2016-07-12 21:44:12,"prediction",1,508,298,4,"a","direct only","Control","4a"
"12",2016-07-12 18:58:44,"v129577",1,399,297,1,"a","direct only","Control","1a"
"32",2016-07-12 18:58:55,"v129577",1,989,297,1,"a","direct only","Control","1a"
"51",2016-07-12 18:59:05,"v129577",1,399,297,1,"a","direct only","Control","1a"
"71",2016-07-12 18:59:15,"v129577",1,989,297,1,"a","direct only","Control","1a"
"102",2016-07-12 18:59:25,"v129577",1,399,270,1,"a","direct only","Control","1a"
"112",2016-07-12 18:59:36,"v129577",1,989,270,1,"a","direct only","Control","1a"
"131",2016-07-12 18:59:46,"v129577",1,399,270,1,"a","direct only","Control","1a"
"151",2016-07-12 18:59:56,"v129577",1,989,270,1,"a","direct only","Control","1a"
"182",2016-07-12 19:00:07,"v129577",1,199,297,1,"a","direct only","Control","1a"
"192",2016-07-12 19:00:17,"v129577",1,766,297,1,"a","direct only","Control","1a"
"211",2016-07-12 19:00:27,"v129577",1,199,297,1,"a","direct only","Control","1a"
"231",2016-07-12 19:00:37,"v129577",1,766,297,1,"a","direct only","Control","1a"
"262",2016-07-12 19:00:48,"v129577",1,199,270,1,"a","direct only","Control","1a"
"272",2016-07-12 19:00:58,"v129577",1,766,270,1,"a","direct only","Control","1a"
"292",2016-07-12 19:01:08,"v129577",1,199,270,1,"a","direct only","Control","1a"
"311",2016-07-12 19:01:19,"v129577",1,766,270,1,"a","direct only","Control","1a"
"331",2016-07-12 19:01:29,"v129577",1,1,297,1,"a","direct only","Control","1a"
"362",2016-07-12 19:01:39,"v129577",1,578,297,1,"a","direct only","Control","1a"
"382",2016-07-12 19:01:50,"v129577",1,1,297,1,"a","direct only","Control","1a"
"391",2016-07-12 19:02:00,"v129577",1,578,297,1,"a","direct only","Control","1a"
"411",2016-07-12 19:02:10,"v129577",1,1,270,1,"a","direct only","Control","1a"
"441",2016-07-12 19:02:21,"v129577",1,578,270,1,"a","direct only","Control","1a"
"462",2016-07-12 19:02:31,"v129577",1,1,270,1,"a","direct only","Control","1a"
"471",2016-07-12 19:02:41,"v129577",1,578,270,1,"a","direct only","Control","1a"
"492",2016-07-12 19:10:05,"v129577",0,399,297,1,"a","multipath","multipath_cpdi_predicted","1a"
"521",2016-07-12 19:10:15,"v129577",0,989,297,1,"a","multipath","multipath_cpdi_predicted","1a"
"542",2016-07-12 19:10:26,"v129577",0,399,297,1,"a","multipath","multipath_cpdi_predicted","1a"
"552",2016-07-12 19:10:36,"v129577",0,989,297,1,"a","multipath","multipath_cpdi_predicted","1a"
"572",2016-07-12 19:10:47,"v129577",0,399,270,1,"a","multipath","multipath_cpdi_predicted","1a"
"592",2016-07-12 19:10:57,"v129577",0,989,270,1,"a","multipath","multipath_cpdi_predicted","1a"
"622",2016-07-12 19:11:07,"v129577",0,399,270,1,"a","multipath","multipath_cpdi_predicted","1a"
"641",2016-07-12 19:11:18,"v129577",0,989,270,1,"a","multipath","multipath_cpdi_predicted","1a"
"652",2016-07-12 19:11:28,"v129577",0,199,297,1,"a","multipath","multipath_cpdi_predicted","1a"
"672",2016-07-12 19:11:39,"v129577",0,766,297,1,"a","multipath","multipath_cpdi_predicted","1a"
"702",2016-07-12 19:11:49,"v129577",0,199,297,1,"a","multipath","multipath_cpdi_predicted","1a"
"721",2016-07-12 19:11:59,"v129577",0,766,297,1,"a","multipath","multipath_cpdi_predicted","1a"
"732",2016-07-12 19:12:10,"v129577",0,199,270,1,"a","multipath","multipath_cpdi_predicted","1a"
"751",2016-07-12 19:12:20,"v129577",0,766,270,1,"a","multipath","multipath_cpdi_predicted","1a"
"782",2016-07-12 19:12:31,"v129577",0,199,270,1,"a","multipath","multipath_cpdi_predicted","1a"
"802",2016-07-12 19:12:41,"v129577",0,766,270,1,"a","multipath","multipath_cpdi_predicted","1a"
"812",2016-07-12 19:12:52,"v129577",0,1,297,1,"a","multipath","multipath_cpdi_predicted","1a"
"831",2016-07-12 19:13:02,"v129577",0,578,297,1,"a","multipath","multipath_cpdi_predicted","1a"
"851",2016-07-12 19:13:12,"v129577",0,1,297,1,"a","multipath","multipath_cpdi_predicted","1a"
"872",2016-07-12 19:13:23,"v129577",0,578,297,1,"a","multipath","multipath_cpdi_predicted","1a"
"902",2016-07-12 19:13:33,"v129577",1,1,270,1,"a","multipath","multipath_cpdi_predicted","1a"
"911",2016-07-12 19:13:44,"v129577",1,578,270,1,"a","multipath","multipath_cpdi_predicted","1a"
"931",2016-07-12 19:13:54,"v129577",0,1,270,1,"a","multipath","multipath_cpdi_predicted","1a"
"951",2016-07-12 19:14:05,"v129577",0,578,270,1,"a","multipath","multipath_cpdi_predicted","1a"
"981",2016-07-12 19:24:53,"v129577",0,399,297,1,"b","multipath","multipath_cpdi_predicted","1b"
"991",2016-07-12 19:25:03,"v129577",0,989,297,1,"b","multipath","multipath_cpdi_predicted","1b"
"1011",2016-07-12 19:25:14,"v129577",0,399,297,1,"b","multipath","multipath_cpdi_predicted","1b"
"1031",2016-07-12 19:25:24,"v129577",0,989,297,1,"b","multipath","multipath_cpdi_predicted","1b"
"1061",2016-07-12 19:25:34,"v129577",0,399,270,1,"b","multipath","multipath_cpdi_predicted","1b"
"1071",2016-07-12 19:25:45,"v129577",0,989,270,1,"b","multipath","multipath_cpdi_predicted","1b"
"1091",2016-07-12 19:25:55,"v129577",0,399,270,1,"b","multipath","multipath_cpdi_predicted","1b"
"1111",2016-07-12 19:26:06,"v129577",0,989,270,1,"b","multipath","multipath_cpdi_predicted","1b"
"1131",2016-07-12 19:26:16,"v129577",0,199,297,1,"b","multipath","multipath_cpdi_predicted","1b"
"1161",2016-07-12 19:26:27,"v129577",0,766,297,1,"b","multipath","multipath_cpdi_predicted","1b"
"1181",2016-07-12 19:26:37,"v129577",0,199,297,1,"b","multipath","multipath_cpdi_predicted","1b"
"1191",2016-07-12 19:26:48,"v129577",0,766,297,1,"b","multipath","multipath_cpdi_predicted","1b"
"1211",2016-07-12 19:26:58,"v129577",0,199,270,1,"b","multipath","multipath_cpdi_predicted","1b"
"1241",2016-07-12 19:27:09,"v129577",0,766,270,1,"b","multipath","multipath_cpdi_predicted","1b"
"1261",2016-07-12 19:27:19,"v129577",0,199,270,1,"b","multipath","multipath_cpdi_predicted","1b"
"1271",2016-07-12 19:27:30,"v129577",0,766,270,1,"b","multipath","multipath_cpdi_predicted","1b"
"1291",2016-07-12 19:27:40,"v129577",0,1,297,1,"b","multipath","multipath_cpdi_predicted","1b"
"1321",2016-07-12 19:27:51,"v129577",0,578,297,1,"b","multipath","multipath_cpdi_predicted","1b"
"1341",2016-07-12 19:28:01,"v129577",0,1,297,1,"b","multipath","multipath_cpdi_predicted","1b"
"1351",2016-07-12 19:28:12,"v129577",0,578,297,1,"b","multipath","multipath_cpdi_predicted","1b"
"1371",2016-07-12 19:28:22,"v129577",0,1,270,1,"b","multipath","multipath_cpdi_predicted","1b"
"1391",2016-07-12 19:28:33,"v129577",0,578,270,1,"b","multipath","multipath_cpdi_predicted","1b"
"1421",2016-07-12 19:28:43,"v129577",1,1,270,1,"b","multipath","multipath_cpdi_predicted","1b"
"1441",2016-07-12 19:28:54,"v129577",1,578,270,1,"b","multipath","multipath_cpdi_predicted","1b"
"1451",2016-07-12 19:37:02,"v129577",1,399,297,1,"b","direct only","Control","1b"
"1471",2016-07-12 19:37:12,"v129577",1,989,297,1,"b","direct only","Control","1b"
"1501",2016-07-12 19:37:22,"v129577",1,399,297,1,"b","direct only","Control","1b"
"1521",2016-07-12 19:37:32,"v129577",1,989,297,1,"b","direct only","Control","1b"
"1531",2016-07-12 19:37:42,"v129577",1,399,270,1,"b","direct only","Control","1b"
"1551",2016-07-12 19:37:53,"v129577",1,989,270,1,"b","direct only","Control","1b"
"1581",2016-07-12 19:38:03,"v129577",1,399,270,1,"b","direct only","Control","1b"
"1601",2016-07-12 19:38:13,"v129577",1,989,270,1,"b","direct only","Control","1b"
"1611",2016-07-12 19:38:23,"v129577",1,199,297,1,"b","direct only","Control","1b"
"1631",2016-07-12 19:38:34,"v129577",1,766,297,1,"b","direct only","Control","1b"
"1651",2016-07-12 19:38:44,"v129577",1,199,297,1,"b","direct only","Control","1b"
"1671",2016-07-12 19:38:54,"v129577",1,766,297,1,"b","direct only","Control","1b"
"1701",2016-07-12 19:39:04,"v129577",1,199,270,1,"b","direct only","Control","1b"
"1711",2016-07-12 19:39:15,"v129577",1,766,270,1,"b","direct only","Control","1b"
"1731",2016-07-12 19:39:25,"v129577",1,199,270,1,"b","direct only","Control","1b"
"1751",2016-07-12 19:39:35,"v129577",1,766,270,1,"b","direct only","Control","1b"
"1781",2016-07-12 19:39:45,"v129577",1,1,297,1,"b","direct only","Control","1b"
"1791",2016-07-12 19:39:55,"v129577",1,578,297,1,"b","direct only","Control","1b"
"1811",2016-07-12 19:40:06,"v129577",1,1,297,1,"b","direct only","Control","1b"
"1831",2016-07-12 19:40:16,"v129577",1,578,297,1,"b","direct only","Control","1b"
"1861",2016-07-12 19:40:26,"v129577",1,1,270,1,"b","direct only","Control","1b"
"1871",2016-07-12 19:40:36,"v129577",1,578,270,1,"b","direct only","Control","1b"
"1891",2016-07-12 19:40:47,"v129577",1,1,270,1,"b","direct only","Control","1b"
"1911",2016-07-12 19:40:57,"v129577",1,578,270,1,"b","direct only","Control","1b"
"1931",2016-07-12 19:43:05,"v129577",1,150,17.5,2,"a","multipath","multipath_no_cpdi_predicted","2a"
"1961",2016-07-12 19:43:15,"v129577",1,1200,17.5,2,"a","multipath","multipath_no_cpdi_predicted","2a"
"1981",2016-07-12 19:43:25,"v129577",1,150,17.5,2,"a","multipath","multipath_no_cpdi_predicted","2a"
"2001",2016-07-12 19:43:36,"v129577",1,1200,17.5,2,"a","multipath","multipath_no_cpdi_predicted","2a"
"2011",2016-07-12 19:43:46,"v129577",1,75,17.5,2,"a","multipath","multipath_no_cpdi_predicted","2a"
"2041",2016-07-12 19:43:56,"v129577",1,600,17.5,2,"a","multipath","multipath_no_cpdi_predicted","2a"
"2061",2016-07-12 19:44:06,"v129577",1,75,17.5,2,"a","multipath","multipath_no_cpdi_predicted","2a"
"2081",2016-07-12 19:44:17,"v129577",1,600,17.5,2,"a","multipath","multipath_no_cpdi_predicted","2a"
"2091",2016-07-12 19:44:27,"v129577",1,1,17.5,2,"a","multipath","multipath_no_cpdi_predicted","2a"
"2121",2016-07-12 19:44:37,"v129577",1,300,17.5,2,"a","multipath","multipath_no_cpdi_predicted","2a"
"2141",2016-07-12 19:44:48,"v129577",1,1,17.5,2,"a","multipath","multipath_no_cpdi_predicted","2a"
"2161",2016-07-12 19:44:58,"v129577",1,300,17.5,2,"a","multipath","multipath_no_cpdi_predicted","2a"
"2171",2016-07-12 19:46:28,"v129577",1,150,17.5,2,"a","direct only","Control","2a"
"2191",2016-07-12 19:46:38,"v129577",1,1200,17.5,2,"a","direct only","Control","2a"
"2221",2016-07-12 19:46:48,"v129577",1,150,17.5,2,"a","direct only","Control","2a"
"2241",2016-07-12 19:46:59,"v129577",1,1200,17.5,2,"a","direct only","Control","2a"
"2261",2016-07-12 19:47:09,"v129577",1,75,17.5,2,"a","direct only","Control","2a"
"2271",2016-07-12 19:47:19,"v129577",1,600,17.5,2,"a","direct only","Control","2a"
"2301",2016-07-12 19:47:30,"v129577",1,75,17.5,2,"a","direct only","Control","2a"
"2321",2016-07-12 19:47:40,"v129577",1,600,17.5,2,"a","direct only","Control","2a"
"2341",2016-07-12 19:47:50,"v129577",1,1,17.5,2,"a","direct only","Control","2a"
"2351",2016-07-12 19:48:01,"v129577",1,300,17.5,2,"a","direct only","Control","2a"
"2381",2016-07-12 19:48:11,"v129577",1,1,17.5,2,"a","direct only","Control","2a"
"2401",2016-07-12 19:48:21,"v129577",1,300,17.5,2,"a","direct only","Control","2a"
"2421",2016-07-12 19:50:36,"v129577",1,150,17.5,2,"b","multipath","multipath_no_cpdi_predicted","2b"
"2431",2016-07-12 19:50:46,"v129577",1,1200,17.5,2,"b","multipath","multipath_no_cpdi_predicted","2b"
"2451",2016-07-12 19:50:56,"v129577",1,150,17.5,2,"b","multipath","multipath_no_cpdi_predicted","2b"
"2471",2016-07-12 19:51:07,"v129577",1,1200,17.5,2,"b","multipath","multipath_no_cpdi_predicted","2b"
"2491",2016-07-12 19:51:17,"v129577",1,75,17.5,2,"b","multipath","multipath_no_cpdi_predicted","2b"
"2521",2016-07-12 19:51:27,"v129577",1,600,17.5,2,"b","multipath","multipath_no_cpdi_predicted","2b"
"2531",2016-07-12 19:51:38,"v129577",1,75,17.5,2,"b","multipath","multipath_no_cpdi_predicted","2b"
"2551",2016-07-12 19:51:48,"v129577",1,600,17.5,2,"b","multipath","multipath_no_cpdi_predicted","2b"
"2571",2016-07-12 19:51:58,"v129577",1,1,17.5,2,"b","multipath","multipath_no_cpdi_predicted","2b"
"2601",2016-07-12 19:52:09,"v129577",1,300,17.5,2,"b","multipath","multipath_no_cpdi_predicted","2b"
"2611",2016-07-12 19:52:19,"v129577",1,1,17.5,2,"b","multipath","multipath_no_cpdi_predicted","2b"
"2631",2016-07-12 19:52:29,"v129577",1,300,17.5,2,"b","multipath","multipath_no_cpdi_predicted","2b"
"2651",2016-07-12 19:54:04,"v129577",1,150,17.5,2,"b","direct only","Control","2b"
"2681",2016-07-12 19:54:14,"v129577",1,1200,17.5,2,"b","direct only","Control","2b"
"2691",2016-07-12 19:54:25,"v129577",1,150,17.5,2,"b","direct only","Control","2b"
"2711",2016-07-12 19:54:35,"v129577",1,1200,17.5,2,"b","direct only","Control","2b"
"2731",2016-07-12 19:54:45,"v129577",1,75,17.5,2,"b","direct only","Control","2b"
"2751",2016-07-12 19:54:56,"v129577",1,600,17.5,2,"b","direct only","Control","2b"
"2781",2016-07-12 19:55:06,"v129577",1,75,17.5,2,"b","direct only","Control","2b"
"2801",2016-07-12 19:55:17,"v129577",1,600,17.5,2,"b","direct only","Control","2b"
"2811",2016-07-12 19:55:27,"v129577",1,1,17.5,2,"b","direct only","Control","2b"
"2831",2016-07-12 19:55:37,"v129577",1,300,17.5,2,"b","direct only","Control","2b"
"2861",2016-07-12 19:55:48,"v129577",1,1,17.5,2,"b","direct only","Control","2b"
"2881",2016-07-12 19:55:58,"v129577",1,300,17.5,2,"b","direct only","Control","2b"
"2891",2016-07-12 19:57:27,"v129577",1,150,17.5,2,"c","multipath","multipath_no_cpdi_predicted","2c"
"2911",2016-07-12 19:57:38,"v129577",1,1200,17.5,2,"c","multipath","multipath_no_cpdi_predicted","2c"
"2941",2016-07-12 19:57:48,"v129577",1,150,17.5,2,"c","multipath","multipath_no_cpdi_predicted","2c"
"2961",2016-07-12 19:57:58,"v129577",1,1200,17.5,2,"c","multipath","multipath_no_cpdi_predicted","2c"
"2971",2016-07-12 19:58:09,"v129577",1,75,17.5,2,"c","multipath","multipath_no_cpdi_predicted","2c"
"2991",2016-07-12 19:58:19,"v129577",1,600,17.5,2,"c","multipath","multipath_no_cpdi_predicted","2c"
"3011",2016-07-12 19:58:30,"v129577",1,75,17.5,2,"c","multipath","multipath_no_cpdi_predicted","2c"
"3041",2016-07-12 19:58:40,"v129577",1,600,17.5,2,"c","multipath","multipath_no_cpdi_predicted","2c"
"3061",2016-07-12 19:58:50,"v129577",1,1,17.5,2,"c","multipath","multipath_no_cpdi_predicted","2c"
"3071",2016-07-12 19:59:01,"v129577",1,300,17.5,2,"c","multipath","multipath_no_cpdi_predicted","2c"
"3091",2016-07-12 19:59:11,"v129577",1,1,17.5,2,"c","multipath","multipath_no_cpdi_predicted","2c"
"3121",2016-07-12 19:59:22,"v129577",1,300,17.5,2,"c","multipath","multipath_no_cpdi_predicted","2c"
"3141",2016-07-12 20:01:09,"v129577",1,150,17.5,2,"c","direct only","Control","2c"
"3151",2016-07-12 20:01:20,"v129577",1,1200,17.5,2,"c","direct only","Control","2c"
"3171",2016-07-12 20:01:30,"v129577",1,150,17.5,2,"c","direct only","Control","2c"
"3201",2016-07-12 20:01:40,"v129577",1,1200,17.5,2,"c","direct only","Control","2c"
"3221",2016-07-12 20:01:51,"v129577",1,75,17.5,2,"c","direct only","Control","2c"
"3231",2016-07-12 20:02:01,"v129577",1,600,17.5,2,"c","direct only","Control","2c"
"3251",2016-07-12 20:02:12,"v129577",1,75,17.5,2,"c","direct only","Control","2c"
"3271",2016-07-12 20:02:22,"v129577",1,600,17.5,2,"c","direct only","Control","2c"
"3291",2016-07-12 20:02:33,"v129577",1,1,17.5,2,"c","direct only","Control","2c"
"3321",2016-07-12 20:02:43,"v129577",1,300,17.5,2,"c","direct only","Control","2c"
"3331",2016-07-12 20:02:53,"v129577",1,1,17.5,2,"c","direct only","Control","2c"
"3351",2016-07-12 20:03:04,"v129577",1,300,17.5,2,"c","direct only","Control","2c"
"3371",2016-07-12 20:12:46,"v129577",0,1,48,3,"a","multipath","multipath_cpdi_predicted","3a"
"3401",2016-07-12 20:12:57,"v129577",0,1,48,3,"a","multipath","multipath_cpdi_predicted","3a"
"3411",2016-07-12 20:14:18,"v129577",0,1,48,3,"a","direct only","Control","3a"
"3431",2016-07-12 20:14:29,"v129577",0,1,48,3,"a","direct only","Control","3a"
"3451",2016-07-12 20:18:10,"v129577",0,1,210,3,"b","multipath","multipath_cpdi_predicted","3b"
"3481",2016-07-12 20:18:21,"v129577",0,1,210,3,"b","multipath","multipath_cpdi_predicted","3b"
"3491",2016-07-12 20:20:04,"v129577",1,1,210,3,"b","direct only","Control","3b"
"3511",2016-07-12 20:20:14,"v129577",1,1,210,3,"b","direct only","Control","3b"
"3531",2016-07-12 20:22:14,"v129577",0,60,298,4,"a","multipath","multipath_cpdi_predicted","4a"
"3551",2016-07-12 20:22:24,"v129577",0,508,298,4,"a","multipath","multipath_cpdi_predicted","4a"
"3581",2016-07-12 20:22:35,"v129577",0,60,298,4,"a","multipath","multipath_cpdi_predicted","4a"
"3601",2016-07-12 20:22:45,"v129577",0,508,298,4,"a","multipath","multipath_cpdi_predicted","4a"
"3611",2016-07-12 20:24:27,"v129577",1,60,298,4,"a","direct only","Control","4a"
"3631",2016-07-12 20:24:37,"v129577",1,508,298,4,"a","direct only","Control","4a"
"3661",2016-07-12 20:24:48,"v129577",1,60,298,4,"a","direct only","Control","4a"
"3681",2016-07-12 20:24:58,"v129577",1,508,298,4,"a","direct only","Control","4a"
"3691",2016-07-12 20:27:09,"v129577",0,199,297,1,"a","multipath","multipath_cpdi_predicted","1a"
"3711",2016-07-12 20:27:19,"v129577",0,578,297,1,"a","multipath","multipath_cpdi_predicted","1a"
"3741",2016-07-12 20:27:29,"v129577",0,989,297,1,"a","multipath","multipath_cpdi_predicted","1a"
"3761",2016-07-12 20:27:40,"v129577",0,199,297,1,"a","multipath","multipath_cpdi_predicted","1a"
"3771",2016-07-12 20:27:50,"v129577",0,578,297,1,"a","multipath","multipath_cpdi_predicted","1a"
"3791",2016-07-12 20:28:00,"v129577",0,989,297,1,"a","multipath","multipath_cpdi_predicted","1a"
"3811",2016-07-12 20:28:11,"v129577",0,199,297,1,"a","multipath","multipath_cpdi_predicted","1a"
"3841",2016-07-12 20:28:21,"v129577",0,578,297,1,"a","multipath","multipath_cpdi_predicted","1a"
"3861",2016-07-12 20:28:31,"v129577",0,989,297,1,"a","multipath","multipath_cpdi_predicted","1a"
"3871",2016-07-12 20:28:42,"v129577",0,199,270,1,"a","multipath","multipath_cpdi_predicted","1a"
"3891",2016-07-12 20:28:52,"v129577",0,578,270,1,"a","multipath","multipath_cpdi_predicted","1a"
"3921",2016-07-12 20:29:02,"v129577",0,989,270,1,"a","multipath","multipath_cpdi_predicted","1a"
"3941",2016-07-12 20:29:13,"v129577",0,199,270,1,"a","multipath","multipath_cpdi_predicted","1a"
"3951",2016-07-12 20:29:23,"v129577",0,578,270,1,"a","multipath","multipath_cpdi_predicted","1a"
"3971",2016-07-12 20:29:33,"v129577",0,989,270,1,"a","multipath","multipath_cpdi_predicted","1a"
"4001",2016-07-12 20:29:44,"v129577",0,199,270,1,"a","multipath","multipath_cpdi_predicted","1a"
"4021",2016-07-12 20:29:54,"v129577",0,578,270,1,"a","multipath","multipath_cpdi_predicted","1a"
"4031",2016-07-12 20:30:04,"v129577",0,989,270,1,"a","multipath","multipath_cpdi_predicted","1a"
"4051",2016-07-12 20:30:15,"v129577",0,1,297,1,"a","multipath","multipath_cpdi_predicted","1a"
"4071",2016-07-12 20:30:25,"v129577",0,399,297,1,"a","multipath","multipath_cpdi_predicted","1a"
"4091",2016-07-12 20:30:35,"v129577",0,766,297,1,"a","multipath","multipath_cpdi_predicted","1a"
"4121",2016-07-12 20:30:46,"v129577",0,1,297,1,"a","multipath","multipath_cpdi_predicted","1a"
"4131",2016-07-12 20:30:56,"v129577",0,399,297,1,"a","multipath","multipath_cpdi_predicted","1a"
"4151",2016-07-12 20:31:07,"v129577",0,766,297,1,"a","multipath","multipath_cpdi_predicted","1a"
"4171",2016-07-12 20:31:17,"v129577",0,1,297,1,"a","multipath","multipath_cpdi_predicted","1a"
"4201",2016-07-12 20:31:27,"v129577",0,399,297,1,"a","multipath","multipath_cpdi_predicted","1a"
"4211",2016-07-12 20:31:38,"v129577",0,766,297,1,"a","multipath","multipath_cpdi_predicted","1a"
"4231",2016-07-12 20:31:48,"v129577",0,1,270,1,"a","multipath","multipath_cpdi_predicted","1a"
"4251",2016-07-12 20:31:58,"v129577",0,399,270,1,"a","multipath","multipath_cpdi_predicted","1a"
"4281",2016-07-12 20:32:09,"v129577",0,766,270,1,"a","multipath","multipath_cpdi_predicted","1a"
"4291",2016-07-12 20:32:19,"v129577",0,1,270,1,"a","multipath","multipath_cpdi_predicted","1a"
"4311",2016-07-12 20:32:29,"v129577",0,399,270,1,"a","multipath","multipath_cpdi_predicted","1a"
"4331",2016-07-12 20:32:40,"v129577",0,766,270,1,"a","multipath","multipath_cpdi_predicted","1a"
"4351",2016-07-12 20:32:50,"v129577",0,1,270,1,"a","multipath","multipath_cpdi_predicted","1a"
"4381",2016-07-12 20:33:01,"v129577",0,399,270,1,"a","multipath","multipath_cpdi_predicted","1a"
"4401",2016-07-12 20:33:11,"v129577",0,766,270,1,"a","multipath","multipath_cpdi_predicted","1a"
"4421",2016-07-12 20:35:31,"v129577",1,199,297,1,"a","direct only","Control","1a"
"4431",2016-07-12 20:35:42,"v129577",1,578,297,1,"a","direct only","Control","1a"
"4461",2016-07-12 20:35:52,"v129577",1,989,297,1,"a","direct only","Control","1a"
"4481",2016-07-12 20:36:02,"v129577",1,199,297,1,"a","direct only","Control","1a"
"4501",2016-07-12 20:36:13,"v129577",1,578,297,1,"a","direct only","Control","1a"
"4511",2016-07-12 20:36:23,"v129577",1,989,297,1,"a","direct only","Control","1a"
"4541",2016-07-12 20:36:33,"v129577",1,199,297,1,"a","direct only","Control","1a"
"4561",2016-07-12 20:36:44,"v129577",1,578,297,1,"a","direct only","Control","1a"
"4581",2016-07-12 20:36:54,"v129577",1,989,297,1,"a","direct only","Control","1a"
"4591",2016-07-12 20:37:04,"v129577",1,199,270,1,"a","direct only","Control","1a"
"4611",2016-07-12 20:37:15,"v129577",1,578,270,1,"a","direct only","Control","1a"
"4641",2016-07-12 20:37:25,"v129577",1,989,270,1,"a","direct only","Control","1a"
"4661",2016-07-12 20:37:35,"v129577",1,199,270,1,"a","direct only","Control","1a"
"4681",2016-07-12 20:37:46,"v129577",1,578,270,1,"a","direct only","Control","1a"
"4691",2016-07-12 20:37:56,"v129577",1,989,270,1,"a","direct only","Control","1a"
"4721",2016-07-12 20:38:07,"v129577",1,199,270,1,"a","direct only","Control","1a"
"4741",2016-07-12 20:38:17,"v129577",1,578,270,1,"a","direct only","Control","1a"
"4761",2016-07-12 20:38:27,"v129577",1,989,270,1,"a","direct only","Control","1a"
"4771",2016-07-12 20:38:38,"v129577",1,1,297,1,"a","direct only","Control","1a"
"4801",2016-07-12 20:38:48,"v129577",1,399,297,1,"a","direct only","Control","1a"
"4821",2016-07-12 20:38:58,"v129577",1,766,297,1,"a","direct only","Control","1a"
"4841",2016-07-12 20:39:09,"v129577",1,1,297,1,"a","direct only","Control","1a"
"4851",2016-07-12 20:39:19,"v129577",1,399,297,1,"a","direct only","Control","1a"
"4871",2016-07-12 20:39:29,"v129577",1,766,297,1,"a","direct only","Control","1a"
"4891",2016-07-12 20:39:40,"v129577",1,1,297,1,"a","direct only","Control","1a"
"4911",2016-07-12 20:39:50,"v129577",1,399,297,1,"a","direct only","Control","1a"
"4941",2016-07-12 20:40:01,"v129577",1,766,297,1,"a","direct only","Control","1a"
"4951",2016-07-12 20:40:11,"v129577",1,1,270,1,"a","direct only","Control","1a"
"4971",2016-07-12 20:40:21,"v129577",1,399,270,1,"a","direct only","Control","1a"
"4991",2016-07-12 20:40:32,"v129577",1,766,270,1,"a","direct only","Control","1a"
"5021",2016-07-12 20:40:42,"v129577",1,1,270,1,"a","direct only","Control","1a"
"5031",2016-07-12 20:40:52,"v129577",0,399,270,1,"a","direct only","Control","1a"
"5051",2016-07-12 20:41:03,"v129577",1,766,270,1,"a","direct only","Control","1a"
"5071",2016-07-12 20:41:13,"v129577",1,1,270,1,"a","direct only","Control","1a"
"5101",2016-07-12 20:41:24,"v129577",1,399,270,1,"a","direct only","Control","1a"
"5111",2016-07-12 20:41:34,"v129577",1,766,270,1,"a","direct only","Control","1a"
"5131",2016-07-12 20:47:34,"v129577",0,199,297,1,"b","multipath","multipath_cpdi_predicted","1b"
"5151",2016-07-12 20:47:45,"v129577",0,578,297,1,"b","multipath","multipath_cpdi_predicted","1b"
"5171",2016-07-12 20:47:55,"v129577",0,989,297,1,"b","multipath","multipath_cpdi_predicted","1b"
"5201",2016-07-12 20:48:05,"v129577",0,199,297,1,"b","multipath","multipath_cpdi_predicted","1b"
"5221",2016-07-12 20:48:16,"v129577",0,578,297,1,"b","multipath","multipath_cpdi_predicted","1b"
"5231",2016-07-12 20:48:26,"v129577",0,989,297,1,"b","multipath","multipath_cpdi_predicted","1b"
"5251",2016-07-12 20:48:36,"v129577",0,199,297,1,"b","multipath","multipath_cpdi_predicted","1b"
"5281",2016-07-12 20:48:46,"v129577",0,578,297,1,"b","multipath","multipath_cpdi_predicted","1b"
"5301",2016-07-12 20:48:57,"v129577",0,989,297,1,"b","multipath","multipath_cpdi_predicted","1b"
"5311",2016-07-12 20:49:07,"v129577",0,199,270,1,"b","multipath","multipath_cpdi_predicted","1b"
"5331",2016-07-12 20:49:18,"v129577",0,578,270,1,"b","multipath","multipath_cpdi_predicted","1b"
"5361",2016-07-12 20:49:28,"v129577",0,989,270,1,"b","multipath","multipath_cpdi_predicted","1b"
"5381",2016-07-12 20:49:38,"v129577",0,199,270,1,"b","multipath","multipath_cpdi_predicted","1b"
"5391",2016-07-12 20:49:48,"v129577",0,578,270,1,"b","multipath","multipath_cpdi_predicted","1b"
"5411",2016-07-12 20:49:59,"v129577",0,989,270,1,"b","multipath","multipath_cpdi_predicted","1b"
"5431",2016-07-12 20:50:09,"v129577",0,199,270,1,"b","multipath","multipath_cpdi_predicted","1b"
"5461",2016-07-12 20:50:19,"v129577",0,578,270,1,"b","multipath","multipath_cpdi_predicted","1b"
"5481",2016-07-12 20:50:30,"v129577",0,989,270,1,"b","multipath","multipath_cpdi_predicted","1b"
"5491",2016-07-12 20:50:40,"v129577",0,1,297,1,"b","multipath","multipath_cpdi_predicted","1b"
"5511",2016-07-12 20:50:50,"v129577",0,399,297,1,"b","multipath","multipath_cpdi_predicted","1b"
"5541",2016-07-12 20:51:01,"v129577",0,766,297,1,"b","multipath","multipath_cpdi_predicted","1b"
"5561",2016-07-12 20:51:11,"v129577",0,1,297,1,"b","multipath","multipath_cpdi_predicted","1b"
"5571",2016-07-12 20:51:21,"v129577",0,399,297,1,"b","multipath","multipath_cpdi_predicted","1b"
"5591",2016-07-12 20:51:32,"v129577",0,766,297,1,"b","multipath","multipath_cpdi_predicted","1b"
"5621",2016-07-12 20:51:42,"v129577",0,1,297,1,"b","multipath","multipath_cpdi_predicted","1b"
"5641",2016-07-12 20:51:52,"v129577",0,399,297,1,"b","multipath","multipath_cpdi_predicted","1b"
"5651",2016-07-12 20:52:02,"v129577",0,766,297,1,"b","multipath","multipath_cpdi_predicted","1b"
"5671",2016-07-12 20:52:13,"v129577",0,1,270,1,"b","multipath","multipath_cpdi_predicted","1b"
"5691",2016-07-12 20:52:23,"v129577",0,399,270,1,"b","multipath","multipath_cpdi_predicted","1b"
"5711",2016-07-12 20:52:33,"v129577",0,766,270,1,"b","multipath","multipath_cpdi_predicted","1b"
"5741",2016-07-12 20:52:44,"v129577",0,1,270,1,"b","multipath","multipath_cpdi_predicted","1b"
"5751",2016-07-12 20:52:54,"v129577",0,399,270,1,"b","multipath","multipath_cpdi_predicted","1b"
"5771",2016-07-12 20:53:04,"v129577",0,766,270,1,"b","multipath","multipath_cpdi_predicted","1b"
"5791",2016-07-12 20:53:15,"v129577",0,1,270,1,"b","multipath","multipath_cpdi_predicted","1b"
"5821",2016-07-12 20:53:25,"v129577",0,399,270,1,"b","multipath","multipath_cpdi_predicted","1b"
"5831",2016-07-12 20:53:36,"v129577",0,766,270,1,"b","multipath","multipath_cpdi_predicted","1b"
"5851",2016-07-12 20:55:08,"v129577",1,199,297,1,"b","direct only","Control","1b"
"5871",2016-07-12 20:55:18,"v129577",1,578,297,1,"b","direct only","Control","1b"
"5901",2016-07-12 20:55:28,"v129577",1,989,297,1,"b","direct only","Control","1b"
"5911",2016-07-12 20:55:39,"v129577",1,199,297,1,"b","direct only","Control","1b"
"5931",2016-07-12 20:55:49,"v129577",1,578,297,1,"b","direct only","Control","1b"
"5951",2016-07-12 20:55:59,"v129577",1,989,297,1,"b","direct only","Control","1b"
"5971",2016-07-12 20:56:10,"v129577",1,199,297,1,"b","direct only","Control","1b"
"6001",2016-07-12 20:56:20,"v129577",1,578,297,1,"b","direct only","Control","1b"
"6021",2016-07-12 20:56:30,"v129577",1,989,297,1,"b","direct only","Control","1b"
"6031",2016-07-12 20:56:41,"v129577",1,199,270,1,"b","direct only","Control","1b"
"6051",2016-07-12 20:56:51,"v129577",1,578,270,1,"b","direct only","Control","1b"
"6081",2016-07-12 20:57:01,"v129577",1,989,270,1,"b","direct only","Control","1b"
"6101",2016-07-12 20:57:11,"v129577",1,199,270,1,"b","direct only","Control","1b"
"6111",2016-07-12 20:57:22,"v129577",1,578,270,1,"b","direct only","Control","1b"
"6131",2016-07-12 20:57:32,"v129577",1,989,270,1,"b","direct only","Control","1b"
"6161",2016-07-12 20:57:42,"v129577",1,199,270,1,"b","direct only","Control","1b"
"6181",2016-07-12 20:57:53,"v129577",1,578,270,1,"b","direct only","Control","1b"
"6191",2016-07-12 20:58:03,"v129577",1,989,270,1,"b","direct only","Control","1b"
"6211",2016-07-12 20:58:13,"v129577",1,1,297,1,"b","direct only","Control","1b"
"6231",2016-07-12 20:58:24,"v129577",1,399,297,1,"b","direct only","Control","1b"
"6261",2016-07-12 20:58:34,"v129577",1,766,297,1,"b","direct only","Control","1b"
"6281",2016-07-12 20:58:44,"v129577",1,1,297,1,"b","direct only","Control","1b"
"6291",2016-07-12 20:58:55,"v129577",1,399,297,1,"b","direct only","Control","1b"
"6311",2016-07-12 20:59:05,"v129577",1,766,297,1,"b","direct only","Control","1b"
"6341",2016-07-12 20:59:15,"v129577",1,1,297,1,"b","direct only","Control","1b"
"6361",2016-07-12 20:59:26,"v129577",1,399,297,1,"b","direct only","Control","1b"
"6371",2016-07-12 20:59:36,"v129577",1,766,297,1,"b","direct only","Control","1b"
"6391",2016-07-12 20:59:46,"v129577",1,1,270,1,"b","direct only","Control","1b"
"6421",2016-07-12 20:59:57,"v129577",1,399,270,1,"b","direct only","Control","1b"
"6441",2016-07-12 21:00:07,"v129577",1,766,270,1,"b","direct only","Control","1b"
"6451",2016-07-12 21:00:17,"v129577",1,1,270,1,"b","direct only","Control","1b"
"6471",2016-07-12 21:00:28,"v129577",1,399,270,1,"b","direct only","Control","1b"
"6491",2016-07-12 21:00:38,"v129577",1,766,270,1,"b","direct only","Control","1b"
"6511",2016-07-12 21:00:48,"v129577",1,1,270,1,"b","direct only","Control","1b"
"6541",2016-07-12 21:00:59,"v129577",0,399,270,1,"b","direct only","Control","1b"
"6551",2016-07-12 21:01:09,"v129577",1,766,270,1,"b","direct only","Control","1b"
"6571",2016-07-12 21:03:33,"v129577",1,75,17.5,2,"a","multipath","multipath_no_cpdi_predicted","2a"
"6591",2016-07-12 21:03:43,"v129577",1,300,17.5,2,"a","multipath","multipath_no_cpdi_predicted","2a"
"6621",2016-07-12 21:03:54,"v129577",1,1200,17.5,2,"a","multipath","multipath_no_cpdi_predicted","2a"
"6631",2016-07-12 21:04:04,"v129577",1,75,17.5,2,"a","multipath","multipath_no_cpdi_predicted","2a"
"6651",2016-07-12 21:04:14,"v129577",1,300,17.5,2,"a","multipath","multipath_no_cpdi_predicted","2a"
"6671",2016-07-12 21:04:25,"v129577",1,1200,17.5,2,"a","multipath","multipath_no_cpdi_predicted","2a"
"6701",2016-07-12 21:04:35,"v129577",1,75,17.5,2,"a","multipath","multipath_no_cpdi_predicted","2a"
"6711",2016-07-12 21:04:46,"v129577",1,300,17.5,2,"a","multipath","multipath_no_cpdi_predicted","2a"
"6731",2016-07-12 21:04:56,"v129577",1,1200,17.5,2,"a","multipath","multipath_no_cpdi_predicted","2a"
"6751",2016-07-12 21:05:06,"v129577",1,1,17.5,2,"a","multipath","multipath_no_cpdi_predicted","2a"
"6771",2016-07-12 21:05:17,"v129577",1,150,17.5,2,"a","multipath","multipath_no_cpdi_predicted","2a"
"6801",2016-07-12 21:05:27,"v129577",1,600,17.5,2,"a","multipath","multipath_no_cpdi_predicted","2a"
"6821",2016-07-12 21:05:38,"v129577",1,1,17.5,2,"a","multipath","multipath_no_cpdi_predicted","2a"
"6841",2016-07-12 21:05:48,"v129577",1,150,17.5,2,"a","multipath","multipath_no_cpdi_predicted","2a"
"6851",2016-07-12 21:05:58,"v129577",1,600,17.5,2,"a","multipath","multipath_no_cpdi_predicted","2a"
"6881",2016-07-12 21:06:09,"v129577",0,1,17.5,2,"a","multipath","multipath_no_cpdi_predicted","2a"
"6901",2016-07-12 21:06:19,"v129577",1,150,17.5,2,"a","multipath","multipath_no_cpdi_predicted","2a"
"6921",2016-07-12 21:06:30,"v129577",1,600,17.5,2,"a","multipath","multipath_no_cpdi_predicted","2a"
"6931",2016-07-12 21:08:08,"v129577",1,75,17.5,2,"a","direct only","Control","2a"
"6961",2016-07-12 21:08:18,"v129577",1,300,17.5,2,"a","direct only","Control","2a"
"6981",2016-07-12 21:08:28,"v129577",1,1200,17.5,2,"a","direct only","Control","2a"
"7001",2016-07-12 21:08:39,"v129577",1,75,17.5,2,"a","direct only","Control","2a"
"7011",2016-07-12 21:08:49,"v129577",1,300,17.5,2,"a","direct only","Control","2a"
"7031",2016-07-12 21:09:00,"v129577",1,1200,17.5,2,"a","direct only","Control","2a"
"7061",2016-07-12 21:09:10,"v129577",1,75,17.5,2,"a","direct only","Control","2a"
"7081",2016-07-12 21:09:21,"v129577",1,300,17.5,2,"a","direct only","Control","2a"
"7101",2016-07-12 21:09:31,"v129577",1,1200,17.5,2,"a","direct only","Control","2a"
"7111",2016-07-12 21:09:41,"v129577",1,1,17.5,2,"a","direct only","Control","2a"
"7141",2016-07-12 21:09:52,"v129577",1,150,17.5,2,"a","direct only","Control","2a"
"7161",2016-07-12 21:10:02,"v129577",1,600,17.5,2,"a","direct only","Control","2a"
"7181",2016-07-12 21:10:13,"v129577",1,1,17.5,2,"a","direct only","Control","2a"
"7191",2016-07-12 21:10:23,"v129577",1,150,17.5,2,"a","direct only","Control","2a"
"7221",2016-07-12 21:10:34,"v129577",1,600,17.5,2,"a","direct only","Control","2a"
"7241",2016-07-12 21:10:44,"v129577",0,1,17.5,2,"a","direct only","Control","2a"
"7261",2016-07-12 21:10:54,"v129577",0,150,17.5,2,"a","direct only","Control","2a"
"7271",2016-07-12 21:11:05,"v129577",0,600,17.5,2,"a","direct only","Control","2a"
"7291",2016-07-12 21:15:30,"v129577",1,75,17.5,2,"b","multipath","multipath_no_cpdi_predicted","2b"
"7311",2016-07-12 21:15:40,"v129577",1,300,17.5,2,"b","multipath","multipath_no_cpdi_predicted","2b"
"7331",2016-07-12 21:15:50,"v129577",1,1200,17.5,2,"b","multipath","multipath_no_cpdi_predicted","2b"
"7361",2016-07-12 21:16:01,"v129577",1,75,17.5,2,"b","multipath","multipath_no_cpdi_predicted","2b"
"7371",2016-07-12 21:16:11,"v129577",1,300,17.5,2,"b","multipath","multipath_no_cpdi_predicted","2b"
"7391",2016-07-12 21:16:21,"v129577",1,1200,17.5,2,"b","multipath","multipath_no_cpdi_predicted","2b"
"7411",2016-07-12 21:16:31,"v129577",1,75,17.5,2,"b","multipath","multipath_no_cpdi_predicted","2b"
"7441",2016-07-12 21:16:42,"v129577",1,300,17.5,2,"b","multipath","multipath_no_cpdi_predicted","2b"
"7451",2016-07-12 21:16:52,"v129577",1,1200,17.5,2,"b","multipath","multipath_no_cpdi_predicted","2b"
"7471",2016-07-12 21:17:02,"v129577",1,1,17.5,2,"b","multipath","multipath_no_cpdi_predicted","2b"
"7491",2016-07-12 21:17:12,"v129577",1,150,17.5,2,"b","multipath","multipath_no_cpdi_predicted","2b"
"7521",2016-07-12 21:17:22,"v129577",1,600,17.5,2,"b","multipath","multipath_no_cpdi_predicted","2b"
"7531",2016-07-12 21:17:33,"v129577",1,1,17.5,2,"b","multipath","multipath_no_cpdi_predicted","2b"
"7551",2016-07-12 21:17:43,"v129577",1,150,17.5,2,"b","multipath","multipath_no_cpdi_predicted","2b"
"7571",2016-07-12 21:17:53,"v129577",1,600,17.5,2,"b","multipath","multipath_no_cpdi_predicted","2b"
"7591",2016-07-12 21:18:03,"v129577",1,1,17.5,2,"b","multipath","multipath_no_cpdi_predicted","2b"
"7621",2016-07-12 21:18:14,"v129577",1,150,17.5,2,"b","multipath","multipath_no_cpdi_predicted","2b"
"7641",2016-07-12 21:18:24,"v129577",1,600,17.5,2,"b","multipath","multipath_no_cpdi_predicted","2b"
"7651",2016-07-12 21:20:00,"v129577",1,75,17.5,2,"b","direct only","Control","2b"
"7671",2016-07-12 21:20:10,"v129577",1,300,17.5,2,"b","direct only","Control","2b"
"7701",2016-07-12 21:20:20,"v129577",1,1200,17.5,2,"b","direct only","Control","2b"
"7721",2016-07-12 21:20:30,"v129577",1,75,17.5,2,"b","direct only","Control","2b"
"7731",2016-07-12 21:20:41,"v129577",1,300,17.5,2,"b","direct only","Control","2b"
"7751",2016-07-12 21:20:51,"v129577",1,1200,17.5,2,"b","direct only","Control","2b"
"7781",2016-07-12 21:21:01,"v129577",1,75,17.5,2,"b","direct only","Control","2b"
"7801",2016-07-12 21:21:12,"v129577",1,300,17.5,2,"b","direct only","Control","2b"
"7811",2016-07-12 21:21:22,"v129577",1,1200,17.5,2,"b","direct only","Control","2b"
"7831",2016-07-12 21:21:32,"v129577",1,1,17.5,2,"b","direct only","Control","2b"
"7851",2016-07-12 21:21:42,"v129577",1,150,17.5,2,"b","direct only","Control","2b"
"7881",2016-07-12 21:21:53,"v129577",1,600,17.5,2,"b","direct only","Control","2b"
"7901",2016-07-12 21:22:03,"v129577",1,1,17.5,2,"b","direct only","Control","2b"
"7911",2016-07-12 21:22:13,"v129577",1,150,17.5,2,"b","direct only","Control","2b"
"7931",2016-07-12 21:22:23,"v129577",1,600,17.5,2,"b","direct only","Control","2b"
"7961",2016-07-12 21:22:34,"v129577",1,1,17.5,2,"b","direct only","Control","2b"
"7981",2016-07-12 21:22:44,"v129577",1,150,17.5,2,"b","direct only","Control","2b"
"7991",2016-07-12 21:22:54,"v129577",1,600,17.5,2,"b","direct only","Control","2b"
"8011",2016-07-12 21:24:42,"v129577",1,75,17.5,2,"c","multipath","multipath_no_cpdi_predicted","2c"
"8041",2016-07-12 21:24:52,"v129577",1,300,17.5,2,"c","multipath","multipath_no_cpdi_predicted","2c"
"8061",2016-07-12 21:25:03,"v129577",1,1200,17.5,2,"c","multipath","multipath_no_cpdi_predicted","2c"
"8071",2016-07-12 21:25:13,"v129577",1,75,17.5,2,"c","multipath","multipath_no_cpdi_predicted","2c"
"8091",2016-07-12 21:25:23,"v129577",1,300,17.5,2,"c","multipath","multipath_no_cpdi_predicted","2c"
"8111",2016-07-12 21:25:34,"v129577",1,1200,17.5,2,"c","multipath","multipath_no_cpdi_predicted","2c"
"8131",2016-07-12 21:25:44,"v129577",1,75,17.5,2,"c","multipath","multipath_no_cpdi_predicted","2c"
"8161",2016-07-12 21:25:54,"v129577",1,300,17.5,2,"c","multipath","multipath_no_cpdi_predicted","2c"
"8171",2016-07-12 21:26:05,"v129577",1,1200,17.5,2,"c","multipath","multipath_no_cpdi_predicted","2c"
"8191",2016-07-12 21:26:15,"v129577",1,1,17.5,2,"c","multipath","multipath_no_cpdi_predicted","2c"
"8211",2016-07-12 21:26:25,"v129577",1,150,17.5,2,"c","multipath","multipath_no_cpdi_predicted","2c"
"8241",2016-07-12 21:26:36,"v129577",1,600,17.5,2,"c","multipath","multipath_no_cpdi_predicted","2c"
"8251",2016-07-12 21:26:46,"v129577",1,1,17.5,2,"c","multipath","multipath_no_cpdi_predicted","2c"
"8271",2016-07-12 21:26:56,"v129577",1,150,17.5,2,"c","multipath","multipath_no_cpdi_predicted","2c"
"8291",2016-07-12 21:27:07,"v129577",1,600,17.5,2,"c","multipath","multipath_no_cpdi_predicted","2c"
"8321",2016-07-12 21:27:17,"v129577",0,1,17.5,2,"c","multipath","multipath_no_cpdi_predicted","2c"
"8331",2016-07-12 21:27:27,"v129577",1,150,17.5,2,"c","multipath","multipath_no_cpdi_predicted","2c"
"8351",2016-07-12 21:27:38,"v129577",1,600,17.5,2,"c","multipath","multipath_no_cpdi_predicted","2c"
"8371",2016-07-12 21:29:12,"v129577",1,75,17.5,2,"c","direct only","Control","2c"
"8391",2016-07-12 21:29:22,"v129577",1,300,17.5,2,"c","direct only","Control","2c"
"8421",2016-07-12 21:29:33,"v129577",1,1200,17.5,2,"c","direct only","Control","2c"
"8441",2016-07-12 21:29:43,"v129577",1,75,17.5,2,"c","direct only","Control","2c"
"8451",2016-07-12 21:29:53,"v129577",1,300,17.5,2,"c","direct only","Control","2c"
"8471",2016-07-12 21:30:04,"v129577",1,1200,17.5,2,"c","direct only","Control","2c"
"8501",2016-07-12 21:30:14,"v129577",1,75,17.5,2,"c","direct only","Control","2c"
"8521",2016-07-12 21:30:24,"v129577",1,300,17.5,2,"c","direct only","Control","2c"
"8531",2016-07-12 21:30:35,"v129577",1,1200,17.5,2,"c","direct only","Control","2c"
"8551",2016-07-12 21:30:45,"v129577",1,1,17.5,2,"c","direct only","Control","2c"
"8581",2016-07-12 21:30:56,"v129577",1,150,17.5,2,"c","direct only","Control","2c"
"8601",2016-07-12 21:31:06,"v129577",1,600,17.5,2,"c","direct only","Control","2c"
"8611",2016-07-12 21:31:16,"v129577",1,1,17.5,2,"c","direct only","Control","2c"
"8631",2016-07-12 21:31:27,"v129577",1,150,17.5,2,"c","direct only","Control","2c"
"8651",2016-07-12 21:31:37,"v129577",1,600,17.5,2,"c","direct only","Control","2c"
"8681",2016-07-12 21:31:47,"v129577",1,1,17.5,2,"c","direct only","Control","2c"
"8701",2016-07-12 21:31:58,"v129577",0,150,17.5,2,"c","direct only","Control","2c"
"8711",2016-07-12 21:32:08,"v129577",1,600,17.5,2,"c","direct only","Control","2c"
"8731",2016-07-12 21:33:30,"v129577",0,1,48,3,"a","multipath","multipath_cpdi_predicted","3a"
"8761",2016-07-12 21:33:41,"v129577",0,1,48,3,"a","multipath","multipath_cpdi_predicted","3a"
"8781",2016-07-12 21:33:51,"v129577",0,1,48,3,"a","multipath","multipath_cpdi_predicted","3a"
"8791",2016-07-12 21:35:13,"v129577",0,1,48,3,"a","direct only","Control","3a"
"8811",2016-07-12 21:35:24,"v129577",0,1,48,3,"a","direct only","Control","3a"
"8841",2016-07-12 21:35:34,"v129577",0,1,48,3,"a","direct only","Control","3a"
"8861",2016-07-12 21:37:11,"v129577",0,1,210,3,"b","multipath","multipath_cpdi_predicted","3b"
"8871",2016-07-12 21:37:21,"v129577",0,1,210,3,"b","multipath","multipath_cpdi_predicted","3b"
"8891",2016-07-12 21:37:32,"v129577",0,1,210,3,"b","multipath","multipath_cpdi_predicted","3b"
"8911",2016-07-12 21:39:15,"v129577",0,1,210,3,"b","direct only","Control","3b"
"8931",2016-07-12 21:39:25,"v129577",0,1,210,3,"b","direct only","Control","3b"
"8961",2016-07-12 21:39:36,"v129577",0,1,210,3,"b","direct only","Control","3b"
"8971",2016-07-12 21:41:14,"v129577",0,60,298,4,"a","multipath","multipath_cpdi_predicted","4a"
"8991",2016-07-12 21:41:24,"v129577",0,508,298,4,"a","multipath","multipath_cpdi_predicted","4a"
"9011",2016-07-12 21:41:35,"v129577",0,508,298,4,"a","multipath","multipath_cpdi_predicted","4a"
"9041",2016-07-12 21:41:45,"v129577",0,60,298,4,"a","multipath","multipath_cpdi_predicted","4a"
"9051",2016-07-12 21:41:56,"v129577",0,60,298,4,"a","multipath","multipath_cpdi_predicted","4a"
"9071",2016-07-12 21:42:06,"v129577",0,508,298,4,"a","multipath","multipath_cpdi_predicted","4a"
"9091",2016-07-12 21:43:20,"v129577",1,60,298,4,"a","direct only","Control","4a"
"9121",2016-07-12 21:43:30,"v129577",1,508,298,4,"a","direct only","Control","4a"
"9131",2016-07-12 21:43:41,"v129577",1,508,298,4,"a","direct only","Control","4a"
"9151",2016-07-12 21:43:51,"v129577",1,60,298,4,"a","direct only","Control","4a"
"9171",2016-07-12 21:44:02,"v129577",1,60,298,4,"a","direct only","Control","4a"
"9191",2016-07-12 21:44:12,"v129577",1,508,298,4,"a","direct only","Control","4a"
